<?xml version="1.0" encoding="utf-8"?>
<!-- Generated by PRONEXUS WORKS -->
<link:linkbase xmlns:link="http://www.xbrl.org/2003/linkbase" xmlns:xsi="http://www.w3.org/2001/XMLSchema-instance" xmlns:xbrli="http://www.xbrl.org/2003/instance" xmlns:xlink="http://www.w3.org/1999/xlink">
  <link:labelLink xlink:type="extended" xlink:role="http://www.xbrl.org/2003/role/link">
    <link:loc xlink:type="locator" xlink:href="jpcrp040300-q3r-001_E02401-000_2020-07-20_01_2020-09-02.xsd#jpcrp040300-q3r_E02401-000_MarketChangeExpensesNOE" xlink:label="MarketChangeExpensesNOE" />
    <link:loc xlink:type="locator" xlink:href="jpcrp040300-q3r-001_E02401-000_2020-07-20_01_2020-09-02.xsd#jpcrp040300-q3r_E02401-000_FurnitureAndInteriorBusinessMember" xlink:label="FurnitureAndInteriorBusinessMember" />
    <link:loc xlink:type="locator" xlink:href="jpcrp040300-q3r-001_E02401-000_2020-07-20_01_2020-09-02.xsd#jpcrp040300-q3r_E02401-000_BroadcastAndCommunicationBusinessMember" xlink:label="BroadcastAndCommunicationBusinessMember" />
    <link:label xlink:type="resource" xlink:label="label_MarketChangeExpensesNOE" xml:lang="en" xlink:role="http://www.xbrl.org/2003/role/label" id="label_MarketChangeExpensesNOE">Market change expenses</link:label>
    <link:labelArc xlink:type="arc" xlink:arcrole="http://www.xbrl.org/2003/arcrole/concept-label" xlink:from="MarketChangeExpensesNOE" xlink:to="label_MarketChangeExpensesNOE" />
    <link:label xlink:type="resource" xlink:label="label_MarketChangeExpensesNOE_2" xml:lang="en" xlink:role="http://www.xbrl.org/2003/role/verboseLabel" id="label_MarketChangeExpensesNOE_2">Market change expenses-NOE</link:label>
    <link:labelArc xlink:type="arc" xlink:arcrole="http://www.xbrl.org/2003/arcrole/concept-label" xlink:from="MarketChangeExpensesNOE" xlink:to="label_MarketChangeExpensesNOE_2" />
    <link:label xlink:type="resource" xlink:label="label_FurnitureAndInteriorBusinessMember" xml:lang="en" xlink:role="http://www.xbrl.org/2003/role/label" id="label_FurnitureAndInteriorBusinessMember">Furniture and Interior Business</link:label>
    <link:labelArc xlink:type="arc" xlink:arcrole="http://www.xbrl.org/2003/arcrole/concept-label" xlink:from="FurnitureAndInteriorBusinessMember" xlink:to="label_FurnitureAndInteriorBusinessMember" />
    <link:label xlink:type="resource" xlink:label="label_FurnitureAndInteriorBusinessMember_2" xml:lang="en" xlink:role="http://www.xbrl.org/2003/role/verboseLabel" id="label_FurnitureAndInteriorBusinessMember_2">Furniture and Interior Business [member]</link:label>
    <link:labelArc xlink:type="arc" xlink:arcrole="http://www.xbrl.org/2003/arcrole/concept-label" xlink:from="FurnitureAndInteriorBusinessMember" xlink:to="label_FurnitureAndInteriorBusinessMember_2" />
    <link:label xlink:type="resource" xlink:label="label_BroadcastAndCommunicationBusinessMember" xml:lang="en" xlink:role="http://www.xbrl.org/2003/role/label" id="label_BroadcastAndCommunicationBusinessMember">Broadcast and Communication Business</link:label>
    <link:labelArc xlink:type="arc" xlink:arcrole="http://www.xbrl.org/2003/arcrole/concept-label" xlink:from="BroadcastAndCommunicationBusinessMember" xlink:to="label_BroadcastAndCommunicationBusinessMember" />
    <link:label xlink:type="resource" xlink:label="label_BroadcastAndCommunicationBusinessMember_2" xml:lang="en" xlink:role="http://www.xbrl.org/2003/role/verboseLabel" id="label_BroadcastAndCommunicationBusinessMember_2">Broadcast and Communication Business [member]</link:label>
    <link:labelArc xlink:type="arc" xlink:arcrole="http://www.xbrl.org/2003/arcrole/concept-label" xlink:from="BroadcastAndCommunicationBusinessMember" xlink:to="label_BroadcastAndCommunicationBusinessMember_2" />
  </link:labelLink>
</link:linkbase>