﻿<?xml version="1.0" encoding="utf-8"?>
<!-- Edited with FutureStage XBRL Solution Library .NET 01-11 -->
<link:linkbase xmlns:xlink="http://www.w3.org/1999/xlink" xmlns:xsi="http://www.w3.org/2001/XMLSchema-instance" xmlns:link="http://www.xbrl.org/2003/linkbase">
  <link:roleRef xlink:type="simple" xlink:href="http://disclosure.edinet-fsa.go.jp/taxonomy/jpcrp/2019-02-28/jpcrp_rt_2019-02-28.xsd#rol_IndependentAuditorsReport" roleURI="http://disclosure.edinet-fsa.go.jp/role/jpcrp/rol_IndependentAuditorsReport" />
  <link:presentationLink xlink:type="extended" xlink:role="http://disclosure.edinet-fsa.go.jp/role/jpcrp/rol_IndependentAuditorsReport">
    <link:loc xlink:type="locator" xlink:href="http://disclosure.edinet-fsa.go.jp/taxonomy/jpcrp/2019-02-28/jpcrp_cor_2019-02-28.xsd#jpcrp_cor_AuditFirm1NonConsolidated" xlink:label="jpcrp_cor_AuditFirm1NonConsolidated" />
    <link:loc xlink:type="locator" xlink:href="http://disclosure.edinet-fsa.go.jp/taxonomy/jpcrp/2019-02-28/jpcrp_cor_2019-02-28.xsd#jpcrp_cor_CPA1AuditFirm1NonConsolidated" xlink:label="jpcrp_cor_CPA1AuditFirm1NonConsolidated" />
    <link:loc xlink:type="locator" xlink:href="http://disclosure.edinet-fsa.go.jp/taxonomy/jpcrp/2019-02-28/jpcrp_cor_2019-02-28.xsd#jpcrp_cor_CPA2AuditFirm1NonConsolidated" xlink:label="jpcrp_cor_CPA2AuditFirm1NonConsolidated" />
    <link:loc xlink:type="locator" xlink:href="http://disclosure.edinet-fsa.go.jp/taxonomy/jpcrp/2019-02-28/jpcrp_cor_2019-02-28.xsd#jpcrp_cor_IndependentAuditorsReportHeading" xlink:label="jpcrp_cor_IndependentAuditorsReportHeading" />
    <link:loc xlink:type="locator" xlink:href="http://disclosure.edinet-fsa.go.jp/taxonomy/jpcrp/2019-02-28/jpcrp_cor_2019-02-28.xsd#jpcrp_cor_IndependentAuditorsReportNonConsolidatedTextBlock" xlink:label="jpcrp_cor_IndependentAuditorsReportNonConsolidatedTextBlock" />
    <link:presentationArc xlink:type="arc" xlink:from="jpcrp_cor_IndependentAuditorsReportNonConsolidatedTextBlock" xlink:to="jpcrp_cor_AuditFirm1NonConsolidated" xlink:arcrole="http://www.xbrl.org/2003/arcrole/parent-child" order="1" />
    <link:presentationArc xlink:type="arc" xlink:from="jpcrp_cor_AuditFirm1NonConsolidated" xlink:to="jpcrp_cor_CPA1AuditFirm1NonConsolidated" xlink:arcrole="http://www.xbrl.org/2003/arcrole/parent-child" order="1" />
    <link:presentationArc xlink:type="arc" xlink:from="jpcrp_cor_AuditFirm1NonConsolidated" xlink:to="jpcrp_cor_CPA2AuditFirm1NonConsolidated" xlink:arcrole="http://www.xbrl.org/2003/arcrole/parent-child" order="2" />
    <link:presentationArc xlink:type="arc" xlink:from="jpcrp_cor_IndependentAuditorsReportHeading" xlink:to="jpcrp_cor_IndependentAuditorsReportNonConsolidatedTextBlock" xlink:arcrole="http://www.xbrl.org/2003/arcrole/parent-child" order="1" />
  </link:presentationLink>
</link:linkbase>