<?xml version="1.0" encoding="utf-8"?>
<!-- Generated by PRONEXUS WORKS -->
<link:linkbase xmlns:link="http://www.xbrl.org/2003/linkbase" xmlns:xsi="http://www.w3.org/2001/XMLSchema-instance" xmlns:xbrli="http://www.xbrl.org/2003/instance" xmlns:xlink="http://www.w3.org/1999/xlink">
  <link:labelLink xlink:type="extended" xlink:role="http://www.xbrl.org/2003/role/link">
    <link:loc xlink:type="locator" xlink:href="jpcrp040300-q3r-001_E05633-000_2020-06-30_01_2020-09-01.xsd#jpcrp040300-q3r_E05633-000_ApplicationServiceProviderBusinessReportableSegmentsMember" xlink:label="ApplicationServiceProviderBusinessReportableSegmentsMember" />
    <link:loc xlink:type="locator" xlink:href="jpcrp040300-q3r-001_E05633-000_2020-06-30_01_2020-09-01.xsd#jpcrp040300-q3r_E05633-000_HotelRelatedBusinessReportableSegmentsMember" xlink:label="HotelRelatedBusinessReportableSegmentsMember" />
    <link:loc xlink:type="locator" xlink:href="jpcrp040300-q3r-001_E05633-000_2020-06-30_01_2020-09-01.xsd#jpcrp040300-q3r_E05633-000_NotesRegardingSyndicatedLoansTextBlock" xlink:label="NotesRegardingSyndicatedLoansTextBlock" />
    <link:loc xlink:type="locator" xlink:href="jpcrp040300-q3r-001_E05633-000_2020-06-30_01_2020-09-01.xsd#jpcrp040300-q3r_E05633-000_NotesRegardingFinancialCovenantClausesTextBlock" xlink:label="NotesRegardingFinancialCovenantClausesTextBlock" />
    <link:label xlink:type="resource" xlink:label="label_NotesRegardingSyndicatedLoansTextBlock" xml:lang="en" xlink:role="http://www.xbrl.org/2003/role/label" id="label_NotesRegardingSyndicatedLoansTextBlock">Notes regarding syndicated loans</link:label>
    <link:labelArc xlink:type="arc" xlink:arcrole="http://www.xbrl.org/2003/arcrole/concept-label" xlink:from="NotesRegardingSyndicatedLoansTextBlock" xlink:to="label_NotesRegardingSyndicatedLoansTextBlock" />
    <link:label xlink:type="resource" xlink:label="label_NotesRegardingSyndicatedLoansTextBlock_2" xml:lang="en" xlink:role="http://www.xbrl.org/2003/role/verboseLabel" id="label_NotesRegardingSyndicatedLoansTextBlock_2">Notes regarding syndicated loans [text block]</link:label>
    <link:labelArc xlink:type="arc" xlink:arcrole="http://www.xbrl.org/2003/arcrole/concept-label" xlink:from="NotesRegardingSyndicatedLoansTextBlock" xlink:to="label_NotesRegardingSyndicatedLoansTextBlock_2" />
    <link:label xlink:type="resource" xlink:label="label_NotesRegardingFinancialCovenantClausesTextBlock" xml:lang="en" xlink:role="http://www.xbrl.org/2003/role/label" id="label_NotesRegardingFinancialCovenantClausesTextBlock">Notes regarding financial covenant clauses</link:label>
    <link:labelArc xlink:type="arc" xlink:arcrole="http://www.xbrl.org/2003/arcrole/concept-label" xlink:from="NotesRegardingFinancialCovenantClausesTextBlock" xlink:to="label_NotesRegardingFinancialCovenantClausesTextBlock" />
    <link:label xlink:type="resource" xlink:label="label_NotesRegardingFinancialCovenantClausesTextBlock_2" xml:lang="en" xlink:role="http://www.xbrl.org/2003/role/verboseLabel" id="label_NotesRegardingFinancialCovenantClausesTextBlock_2">Notes regarding financial covenant clauses [text block]</link:label>
    <link:labelArc xlink:type="arc" xlink:arcrole="http://www.xbrl.org/2003/arcrole/concept-label" xlink:from="NotesRegardingFinancialCovenantClausesTextBlock" xlink:to="label_NotesRegardingFinancialCovenantClausesTextBlock_2" />
    <link:loc xlink:type="locator" xlink:href="jpcrp040300-q3r-001_E05633-000_2020-06-30_01_2020-09-01.xsd#jpcrp040300-q3r_E05633-000_SpecialResearchCostEL" xlink:label="SpecialResearchCostEL" />
    <link:loc xlink:type="locator" xlink:href="jpcrp040300-q3r-001_E05633-000_2020-06-30_01_2020-09-01.xsd#jpcrp040300-q3r_E05633-000_LossOfSurcharge" xlink:label="LossOfSurcharge" />
    <link:label xlink:type="resource" xlink:label="label_SpecialResearchCostEL" xml:lang="en" xlink:role="http://www.xbrl.org/2003/role/label" id="label_SpecialResearchCostEL">special research cost</link:label>
    <link:labelArc xlink:type="arc" xlink:arcrole="http://www.xbrl.org/2003/arcrole/concept-label" xlink:from="SpecialResearchCostEL" xlink:to="label_SpecialResearchCostEL" />
    <link:label xlink:type="resource" xlink:label="label_SpecialResearchCostEL_2" xml:lang="en" xlink:role="http://www.xbrl.org/2003/role/verboseLabel" id="label_SpecialResearchCostEL_2">special research cost-EL</link:label>
    <link:labelArc xlink:type="arc" xlink:arcrole="http://www.xbrl.org/2003/arcrole/concept-label" xlink:from="SpecialResearchCostEL" xlink:to="label_SpecialResearchCostEL_2" />
    <link:label xlink:type="resource" xlink:label="label_LossOfSurcharge" xml:lang="en" xlink:role="http://www.xbrl.org/2003/role/label" id="label_LossOfSurcharge">Loss of surcharge</link:label>
    <link:labelArc xlink:type="arc" xlink:arcrole="http://www.xbrl.org/2003/arcrole/concept-label" xlink:from="LossOfSurcharge" xlink:to="label_LossOfSurcharge" />
    <link:label xlink:type="resource" xlink:label="label_LossOfSurcharge_2" xml:lang="en" xlink:role="http://www.xbrl.org/2003/role/verboseLabel" id="label_LossOfSurcharge_2">Loss of surcharge</link:label>
    <link:labelArc xlink:type="arc" xlink:arcrole="http://www.xbrl.org/2003/arcrole/concept-label" xlink:from="LossOfSurcharge" xlink:to="label_LossOfSurcharge_2" />
    <link:label xlink:type="resource" xlink:label="label_ApplicationServiceProviderBusinessReportableSegmentsMember" xml:lang="en" xlink:role="http://www.xbrl.org/2003/role/label" id="label_ApplicationServiceProviderBusinessReportableSegmentsMember">Application Service Provider Business</link:label>
    <link:labelArc xlink:type="arc" xlink:arcrole="http://www.xbrl.org/2003/arcrole/concept-label" xlink:from="ApplicationServiceProviderBusinessReportableSegmentsMember" xlink:to="label_ApplicationServiceProviderBusinessReportableSegmentsMember" />
    <link:label xlink:type="resource" xlink:label="label_ApplicationServiceProviderBusinessReportableSegmentsMember_2" xml:lang="en" xlink:role="http://www.xbrl.org/2003/role/verboseLabel" id="label_ApplicationServiceProviderBusinessReportableSegmentsMember_2">Application Service Provider Business, Reportable segments [member]</link:label>
    <link:labelArc xlink:type="arc" xlink:arcrole="http://www.xbrl.org/2003/arcrole/concept-label" xlink:from="ApplicationServiceProviderBusinessReportableSegmentsMember" xlink:to="label_ApplicationServiceProviderBusinessReportableSegmentsMember_2" />
    <link:label xlink:type="resource" xlink:label="label_HotelRelatedBusinessReportableSegmentsMember" xml:lang="en" xlink:role="http://www.xbrl.org/2003/role/label" id="label_HotelRelatedBusinessReportableSegmentsMember">Hotel Related Business</link:label>
    <link:labelArc xlink:type="arc" xlink:arcrole="http://www.xbrl.org/2003/arcrole/concept-label" xlink:from="HotelRelatedBusinessReportableSegmentsMember" xlink:to="label_HotelRelatedBusinessReportableSegmentsMember" />
    <link:label xlink:type="resource" xlink:label="label_HotelRelatedBusinessReportableSegmentsMember_2" xml:lang="en" xlink:role="http://www.xbrl.org/2003/role/verboseLabel" id="label_HotelRelatedBusinessReportableSegmentsMember_2">Hotel Related Business, Reportable segments [member]</link:label>
    <link:labelArc xlink:type="arc" xlink:arcrole="http://www.xbrl.org/2003/arcrole/concept-label" xlink:from="HotelRelatedBusinessReportableSegmentsMember" xlink:to="label_HotelRelatedBusinessReportableSegmentsMember_2" />
  </link:labelLink>
</link:linkbase>