﻿<?xml version="1.0" encoding="utf-8"?>
<!-- Edited with FutureStage XBRL Solution Library .NET 01-11 -->
<link:linkbase xmlns:xlink="http://www.w3.org/1999/xlink" xmlns:xsi="http://www.w3.org/2001/XMLSchema-instance" xmlns:link="http://www.xbrl.org/2003/linkbase">
  <link:labelLink xlink:type="extended" xlink:role="http://www.xbrl.org/2003/role/link">
    <link:label xml:lang="ja" xlink:type="resource" xlink:label="jpcrp040300-q1r_E02447-000_ChinaReportableSegmentsMember_label" xlink:role="http://www.xbrl.org/2003/role/label">中国</link:label>
    <link:label xml:lang="ja" xlink:type="resource" xlink:label="jpcrp040300-q1r_E02447-000_ChinaReportableSegmentsMember_label_1" xlink:role="http://www.xbrl.org/2003/role/verboseLabel">中国、報告セグメント[メンバー]</link:label>
    <link:label xml:lang="ja" xlink:type="resource" xlink:label="jpcrp040300-q1r_E02447-000_JapanReportableSegmentsMember_label" xlink:role="http://www.xbrl.org/2003/role/label">日本</link:label>
    <link:label xml:lang="ja" xlink:type="resource" xlink:label="jpcrp040300-q1r_E02447-000_JapanReportableSegmentsMember_label_1" xlink:role="http://www.xbrl.org/2003/role/verboseLabel">日本、報告セグメント[メンバー]</link:label>
    <link:label xml:lang="ja" xlink:type="resource" xlink:label="jpcrp040300-q1r_E02447-000_MalaysiaReportableSegmentsMember_label" xlink:role="http://www.xbrl.org/2003/role/label">マレーシア</link:label>
    <link:label xml:lang="ja" xlink:type="resource" xlink:label="jpcrp040300-q1r_E02447-000_MalaysiaReportableSegmentsMember_label_1" xlink:role="http://www.xbrl.org/2003/role/verboseLabel">マレーシア、報告セグメント[メンバー]</link:label>
    <link:label xml:lang="ja" xlink:type="resource" xlink:label="jpcrp040300-q1r_E02447-000_NotesChangesInAccountingPoliciesQuarterlyConsolidatedFinancialStatementsTextBlock_label" xlink:role="http://www.xbrl.org/2003/role/label">会計方針の変更等</link:label>
    <link:label xml:lang="ja" xlink:type="resource" xlink:label="jpcrp040300-q1r_E02447-000_NotesChangesInAccountingPoliciesQuarterlyConsolidatedFinancialStatementsTextBlock_label_1" xlink:role="http://www.xbrl.org/2003/role/verboseLabel">会計方針の変更等、四半期連結財務諸表 [テキストブロック]</link:label>
    <link:label xml:lang="ja" xlink:type="resource" xlink:label="jpcrp040300-q1r_E02447-000_ProvisionForLossOnCompensationOfLeaseContractCL_label_1" xlink:role="http://www.xbrl.org/2003/role/label">リース契約補償損失引当金</link:label>
    <link:label xml:lang="ja" xlink:type="resource" xlink:label="jpcrp040300-q1r_E02447-000_ProvisionForLossOnCompensationOfLeaseContractCL_label_2" xlink:role="http://www.xbrl.org/2003/role/verboseLabel">リース契約補償損失引当金、流動負債</link:label>
    <link:label xml:lang="ja" xlink:type="resource" xlink:label="jpcrp040300-q1r_E02447-000_ProvisionForLossOnCompensationOfLeaseContractCL_label" xlink:role="http://www.xbrl.org/2003/role/documentation">リース契約補償損失引当金、流動負債</link:label>
    <link:loc xlink:type="locator" xlink:href="jpcrp040300-q1r-001_E02447-000_2020-06-30_01_2020-09-01.xsd#jpcrp040300-q1r_E02447-000_ChinaReportableSegmentsMember" xlink:label="jpcrp040300-q1r_E02447-000_ChinaReportableSegmentsMember" />
    <link:loc xlink:type="locator" xlink:href="jpcrp040300-q1r-001_E02447-000_2020-06-30_01_2020-09-01.xsd#jpcrp040300-q1r_E02447-000_JapanReportableSegmentsMember" xlink:label="jpcrp040300-q1r_E02447-000_JapanReportableSegmentsMember" />
    <link:loc xlink:type="locator" xlink:href="jpcrp040300-q1r-001_E02447-000_2020-06-30_01_2020-09-01.xsd#jpcrp040300-q1r_E02447-000_MalaysiaReportableSegmentsMember" xlink:label="jpcrp040300-q1r_E02447-000_MalaysiaReportableSegmentsMember" />
    <link:loc xlink:type="locator" xlink:href="jpcrp040300-q1r-001_E02447-000_2020-06-30_01_2020-09-01.xsd#jpcrp040300-q1r_E02447-000_NotesChangesInAccountingPoliciesQuarterlyConsolidatedFinancialStatementsTextBlock" xlink:label="jpcrp040300-q1r_E02447-000_NotesChangesInAccountingPoliciesQuarterlyConsolidatedFinancialStatementsTextBlock" />
    <link:loc xlink:type="locator" xlink:href="jpcrp040300-q1r-001_E02447-000_2020-06-30_01_2020-09-01.xsd#jpcrp040300-q1r_E02447-000_ProvisionForLossOnCompensationOfLeaseContractCL" xlink:label="jpcrp040300-q1r_E02447-000_ProvisionForLossOnCompensationOfLeaseContractCL" />
    <link:labelArc xlink:type="arc" xlink:from="jpcrp040300-q1r_E02447-000_ChinaReportableSegmentsMember" xlink:to="jpcrp040300-q1r_E02447-000_ChinaReportableSegmentsMember_label_1" xlink:arcrole="http://www.xbrl.org/2003/arcrole/concept-label" order="1" />
    <link:labelArc xlink:type="arc" xlink:from="jpcrp040300-q1r_E02447-000_ChinaReportableSegmentsMember" xlink:to="jpcrp040300-q1r_E02447-000_ChinaReportableSegmentsMember_label" xlink:arcrole="http://www.xbrl.org/2003/arcrole/concept-label" order="1" />
    <link:labelArc xlink:type="arc" xlink:from="jpcrp040300-q1r_E02447-000_JapanReportableSegmentsMember" xlink:to="jpcrp040300-q1r_E02447-000_JapanReportableSegmentsMember_label_1" xlink:arcrole="http://www.xbrl.org/2003/arcrole/concept-label" order="1" />
    <link:labelArc xlink:type="arc" xlink:from="jpcrp040300-q1r_E02447-000_JapanReportableSegmentsMember" xlink:to="jpcrp040300-q1r_E02447-000_JapanReportableSegmentsMember_label" xlink:arcrole="http://www.xbrl.org/2003/arcrole/concept-label" order="1" />
    <link:labelArc xlink:type="arc" xlink:from="jpcrp040300-q1r_E02447-000_MalaysiaReportableSegmentsMember" xlink:to="jpcrp040300-q1r_E02447-000_MalaysiaReportableSegmentsMember_label_1" xlink:arcrole="http://www.xbrl.org/2003/arcrole/concept-label" order="1" />
    <link:labelArc xlink:type="arc" xlink:from="jpcrp040300-q1r_E02447-000_MalaysiaReportableSegmentsMember" xlink:to="jpcrp040300-q1r_E02447-000_MalaysiaReportableSegmentsMember_label" xlink:arcrole="http://www.xbrl.org/2003/arcrole/concept-label" order="1" />
    <link:labelArc xlink:type="arc" xlink:from="jpcrp040300-q1r_E02447-000_NotesChangesInAccountingPoliciesQuarterlyConsolidatedFinancialStatementsTextBlock" xlink:to="jpcrp040300-q1r_E02447-000_NotesChangesInAccountingPoliciesQuarterlyConsolidatedFinancialStatementsTextBlock_label_1" xlink:arcrole="http://www.xbrl.org/2003/arcrole/concept-label" order="1" />
    <link:labelArc xlink:type="arc" xlink:from="jpcrp040300-q1r_E02447-000_NotesChangesInAccountingPoliciesQuarterlyConsolidatedFinancialStatementsTextBlock" xlink:to="jpcrp040300-q1r_E02447-000_NotesChangesInAccountingPoliciesQuarterlyConsolidatedFinancialStatementsTextBlock_label" xlink:arcrole="http://www.xbrl.org/2003/arcrole/concept-label" order="1" />
    <link:labelArc xlink:type="arc" xlink:from="jpcrp040300-q1r_E02447-000_ProvisionForLossOnCompensationOfLeaseContractCL" xlink:to="jpcrp040300-q1r_E02447-000_ProvisionForLossOnCompensationOfLeaseContractCL_label_2" xlink:arcrole="http://www.xbrl.org/2003/arcrole/concept-label" order="1" />
    <link:labelArc xlink:type="arc" xlink:from="jpcrp040300-q1r_E02447-000_ProvisionForLossOnCompensationOfLeaseContractCL" xlink:to="jpcrp040300-q1r_E02447-000_ProvisionForLossOnCompensationOfLeaseContractCL_label_1" xlink:arcrole="http://www.xbrl.org/2003/arcrole/concept-label" order="1" />
    <link:labelArc xlink:type="arc" xlink:from="jpcrp040300-q1r_E02447-000_ProvisionForLossOnCompensationOfLeaseContractCL" xlink:to="jpcrp040300-q1r_E02447-000_ProvisionForLossOnCompensationOfLeaseContractCL_label" xlink:arcrole="http://www.xbrl.org/2003/arcrole/concept-label" order="1" />
  </link:labelLink>
</link:linkbase>