﻿<?xml version="1.0" encoding="utf-8"?>
<!-- Edited with FutureStage XBRL Solution Library .NET 01-11 -->
<link:linkbase xmlns:xlink="http://www.w3.org/1999/xlink" xmlns:xsi="http://www.w3.org/2001/XMLSchema-instance" xmlns:link="http://www.xbrl.org/2003/linkbase">
  <link:labelLink xlink:type="extended" xlink:role="http://www.xbrl.org/2003/role/link">
    <link:label xml:lang="en" xlink:type="resource" xlink:label="jpcrp040300-q1r_E02447-000_ChinaReportableSegmentsMember_label" xlink:role="http://www.xbrl.org/2003/role/label">China</link:label>
    <link:label xml:lang="en" xlink:type="resource" xlink:label="jpcrp040300-q1r_E02447-000_ChinaReportableSegmentsMember_label_1" xlink:role="http://www.xbrl.org/2003/role/verboseLabel">China, Reportable segments[member]</link:label>
    <link:label xml:lang="en" xlink:type="resource" xlink:label="jpcrp040300-q1r_E02447-000_JapanReportableSegmentsMember_label" xlink:role="http://www.xbrl.org/2003/role/label">Japan</link:label>
    <link:label xml:lang="en" xlink:type="resource" xlink:label="jpcrp040300-q1r_E02447-000_JapanReportableSegmentsMember_label_1" xlink:role="http://www.xbrl.org/2003/role/verboseLabel">Japan, Reportable segments[member]</link:label>
    <link:label xml:lang="en" xlink:type="resource" xlink:label="jpcrp040300-q1r_E02447-000_MalaysiaReportableSegmentsMember_label" xlink:role="http://www.xbrl.org/2003/role/label">Malaysia</link:label>
    <link:label xml:lang="en" xlink:type="resource" xlink:label="jpcrp040300-q1r_E02447-000_MalaysiaReportableSegmentsMember_label_1" xlink:role="http://www.xbrl.org/2003/role/verboseLabel">Malaysia, Reportable segments[member]</link:label>
    <link:label xml:lang="en" xlink:type="resource" xlink:label="jpcrp040300-q1r_E02447-000_NotesChangesInAccountingPoliciesQuarterlyConsolidatedFinancialStatementsTextBlock_label" xlink:role="http://www.xbrl.org/2003/role/label">Notes - Changes in accounting policies</link:label>
    <link:label xml:lang="en" xlink:type="resource" xlink:label="jpcrp040300-q1r_E02447-000_NotesChangesInAccountingPoliciesQuarterlyConsolidatedFinancialStatementsTextBlock_label_1" xlink:role="http://www.xbrl.org/2003/role/verboseLabel">Notes - Changes in accounting policies, Quarterly consolidated financial statements [text block]</link:label>
    <link:label xml:lang="en" xlink:type="resource" xlink:label="jpcrp040300-q1r_E02447-000_ProvisionForLossOnCompensationOfLeaseContractCL_label_1" xlink:role="http://www.xbrl.org/2003/role/label">Provision for loss on compensation of lease contract</link:label>
    <link:label xml:lang="en" xlink:type="resource" xlink:label="jpcrp040300-q1r_E02447-000_ProvisionForLossOnCompensationOfLeaseContractCL_label_2" xlink:role="http://www.xbrl.org/2003/role/verboseLabel">Provision for loss on compensation of lease contract-CL</link:label>
    <link:label xml:lang="en" xlink:type="resource" xlink:label="jpcrp040300-q1r_E02447-000_ProvisionForLossOnCompensationOfLeaseContractCL_label" xlink:role="http://www.xbrl.org/2003/role/documentation">Provision for loss on compensation of lease contract-CL</link:label>
    <link:loc xlink:type="locator" xlink:href="jpcrp040300-q1r-001_E02447-000_2020-06-30_01_2020-09-01.xsd#jpcrp040300-q1r_E02447-000_ChinaReportableSegmentsMember" xlink:label="jpcrp040300-q1r_E02447-000_ChinaReportableSegmentsMember" />
    <link:loc xlink:type="locator" xlink:href="jpcrp040300-q1r-001_E02447-000_2020-06-30_01_2020-09-01.xsd#jpcrp040300-q1r_E02447-000_JapanReportableSegmentsMember" xlink:label="jpcrp040300-q1r_E02447-000_JapanReportableSegmentsMember" />
    <link:loc xlink:type="locator" xlink:href="jpcrp040300-q1r-001_E02447-000_2020-06-30_01_2020-09-01.xsd#jpcrp040300-q1r_E02447-000_MalaysiaReportableSegmentsMember" xlink:label="jpcrp040300-q1r_E02447-000_MalaysiaReportableSegmentsMember" />
    <link:loc xlink:type="locator" xlink:href="jpcrp040300-q1r-001_E02447-000_2020-06-30_01_2020-09-01.xsd#jpcrp040300-q1r_E02447-000_NotesChangesInAccountingPoliciesQuarterlyConsolidatedFinancialStatementsTextBlock" xlink:label="jpcrp040300-q1r_E02447-000_NotesChangesInAccountingPoliciesQuarterlyConsolidatedFinancialStatementsTextBlock" />
    <link:loc xlink:type="locator" xlink:href="jpcrp040300-q1r-001_E02447-000_2020-06-30_01_2020-09-01.xsd#jpcrp040300-q1r_E02447-000_ProvisionForLossOnCompensationOfLeaseContractCL" xlink:label="jpcrp040300-q1r_E02447-000_ProvisionForLossOnCompensationOfLeaseContractCL" />
    <link:labelArc xlink:type="arc" xlink:from="jpcrp040300-q1r_E02447-000_ChinaReportableSegmentsMember" xlink:to="jpcrp040300-q1r_E02447-000_ChinaReportableSegmentsMember_label_1" xlink:arcrole="http://www.xbrl.org/2003/arcrole/concept-label" order="1" />
    <link:labelArc xlink:type="arc" xlink:from="jpcrp040300-q1r_E02447-000_ChinaReportableSegmentsMember" xlink:to="jpcrp040300-q1r_E02447-000_ChinaReportableSegmentsMember_label" xlink:arcrole="http://www.xbrl.org/2003/arcrole/concept-label" order="1" />
    <link:labelArc xlink:type="arc" xlink:from="jpcrp040300-q1r_E02447-000_JapanReportableSegmentsMember" xlink:to="jpcrp040300-q1r_E02447-000_JapanReportableSegmentsMember_label_1" xlink:arcrole="http://www.xbrl.org/2003/arcrole/concept-label" order="1" />
    <link:labelArc xlink:type="arc" xlink:from="jpcrp040300-q1r_E02447-000_JapanReportableSegmentsMember" xlink:to="jpcrp040300-q1r_E02447-000_JapanReportableSegmentsMember_label" xlink:arcrole="http://www.xbrl.org/2003/arcrole/concept-label" order="1" />
    <link:labelArc xlink:type="arc" xlink:from="jpcrp040300-q1r_E02447-000_MalaysiaReportableSegmentsMember" xlink:to="jpcrp040300-q1r_E02447-000_MalaysiaReportableSegmentsMember_label_1" xlink:arcrole="http://www.xbrl.org/2003/arcrole/concept-label" order="1" />
    <link:labelArc xlink:type="arc" xlink:from="jpcrp040300-q1r_E02447-000_MalaysiaReportableSegmentsMember" xlink:to="jpcrp040300-q1r_E02447-000_MalaysiaReportableSegmentsMember_label" xlink:arcrole="http://www.xbrl.org/2003/arcrole/concept-label" order="1" />
    <link:labelArc xlink:type="arc" xlink:from="jpcrp040300-q1r_E02447-000_NotesChangesInAccountingPoliciesQuarterlyConsolidatedFinancialStatementsTextBlock" xlink:to="jpcrp040300-q1r_E02447-000_NotesChangesInAccountingPoliciesQuarterlyConsolidatedFinancialStatementsTextBlock_label_1" xlink:arcrole="http://www.xbrl.org/2003/arcrole/concept-label" order="1" />
    <link:labelArc xlink:type="arc" xlink:from="jpcrp040300-q1r_E02447-000_NotesChangesInAccountingPoliciesQuarterlyConsolidatedFinancialStatementsTextBlock" xlink:to="jpcrp040300-q1r_E02447-000_NotesChangesInAccountingPoliciesQuarterlyConsolidatedFinancialStatementsTextBlock_label" xlink:arcrole="http://www.xbrl.org/2003/arcrole/concept-label" order="1" />
    <link:labelArc xlink:type="arc" xlink:from="jpcrp040300-q1r_E02447-000_ProvisionForLossOnCompensationOfLeaseContractCL" xlink:to="jpcrp040300-q1r_E02447-000_ProvisionForLossOnCompensationOfLeaseContractCL_label_2" xlink:arcrole="http://www.xbrl.org/2003/arcrole/concept-label" order="1" />
    <link:labelArc xlink:type="arc" xlink:from="jpcrp040300-q1r_E02447-000_ProvisionForLossOnCompensationOfLeaseContractCL" xlink:to="jpcrp040300-q1r_E02447-000_ProvisionForLossOnCompensationOfLeaseContractCL_label_1" xlink:arcrole="http://www.xbrl.org/2003/arcrole/concept-label" order="1" />
    <link:labelArc xlink:type="arc" xlink:from="jpcrp040300-q1r_E02447-000_ProvisionForLossOnCompensationOfLeaseContractCL" xlink:to="jpcrp040300-q1r_E02447-000_ProvisionForLossOnCompensationOfLeaseContractCL_label" xlink:arcrole="http://www.xbrl.org/2003/arcrole/concept-label" order="1" />
  </link:labelLink>
</link:linkbase>