﻿<?xml version="1.0" encoding="utf-8"?>
<!-- Edited with FutureStage XBRL Solution Library .NET 01-11 -->
<link:linkbase xmlns:xlink="http://www.w3.org/1999/xlink" xmlns:xsi="http://www.w3.org/2001/XMLSchema-instance" xmlns:link="http://www.xbrl.org/2003/linkbase">
  <link:labelLink xlink:type="extended" xlink:role="http://www.xbrl.org/2003/role/link">
    <link:label xml:lang="en" xlink:type="resource" xlink:label="jpcrp040300-q2r_E02888-000_AmericaReportableSegmentMember_label" xlink:role="http://www.xbrl.org/2003/role/label">America</link:label>
    <link:label xml:lang="en" xlink:type="resource" xlink:label="jpcrp040300-q2r_E02888-000_AmericaReportableSegmentMember_label_1" xlink:role="http://www.xbrl.org/2003/role/verboseLabel">America, Reportable segment [member]</link:label>
    <link:label xml:lang="en" xlink:type="resource" xlink:label="jpcrp040300-q2r_E02888-000_ChinaReportableSegmentsMember_label" xlink:role="http://www.xbrl.org/2003/role/label">China</link:label>
    <link:label xml:lang="en" xlink:type="resource" xlink:label="jpcrp040300-q2r_E02888-000_ChinaReportableSegmentsMember_label_1" xlink:role="http://www.xbrl.org/2003/role/verboseLabel">China, Reportable segments[member]</link:label>
    <link:label xml:lang="en" xlink:type="resource" xlink:label="jpcrp040300-q2r_E02888-000_EuropeReportableSegmentsMember_label" xlink:role="http://www.xbrl.org/2003/role/label">Europe</link:label>
    <link:label xml:lang="en" xlink:type="resource" xlink:label="jpcrp040300-q2r_E02888-000_EuropeReportableSegmentsMember_label_1" xlink:role="http://www.xbrl.org/2003/role/verboseLabel">Europe, Reportable segments[member]</link:label>
    <link:label xml:lang="en" xlink:type="resource" xlink:label="jpcrp040300-q2r_E02888-000_GainOnReversalOfForeignCurrencyTranslationAdjustmentEI_label" xlink:role="http://www.xbrl.org/2003/role/label">Gain on reversal of foreign currency translation adjustment</link:label>
    <link:label xml:lang="en" xlink:type="resource" xlink:label="jpcrp040300-q2r_E02888-000_GainOnReversalOfForeignCurrencyTranslationAdjustmentEI_label_1" xlink:role="http://www.xbrl.org/2003/role/verboseLabel">Gain on reversal of foreign currency translation adjustment-EI</link:label>
    <link:label xml:lang="en" xlink:type="resource" xlink:label="jpcrp040300-q2r_E02888-000_JapanReportableSegmentsMember_label" xlink:role="http://www.xbrl.org/2003/role/label">Japan</link:label>
    <link:label xml:lang="en" xlink:type="resource" xlink:label="jpcrp040300-q2r_E02888-000_JapanReportableSegmentsMember_label_1" xlink:role="http://www.xbrl.org/2003/role/verboseLabel">Japan, Reportable segments[member]</link:label>
    <link:label xml:lang="en" xlink:type="resource" xlink:label="jpcrp040300-q2r_E02888-000_KoreaReportableSegmentsMember_label" xlink:role="http://www.xbrl.org/2003/role/label">Korea</link:label>
    <link:label xml:lang="en" xlink:type="resource" xlink:label="jpcrp040300-q2r_E02888-000_KoreaReportableSegmentsMember_label_1" xlink:role="http://www.xbrl.org/2003/role/verboseLabel">Korea, Reportable segments [member]</link:label>
    <link:label xml:lang="en" xlink:type="resource" xlink:label="jpcrp040300-q2r_E02888-000_PayrollsAndCompensationSGA_label" xlink:role="http://www.xbrl.org/2003/role/label">Payrolls and compensation</link:label>
    <link:label xml:lang="en" xlink:type="resource" xlink:label="jpcrp040300-q2r_E02888-000_PayrollsAndCompensationSGA_label_1" xlink:role="http://www.xbrl.org/2003/role/verboseLabel">Payrolls and compensation-SGA</link:label>
    <link:loc xlink:type="locator" xlink:href="jpcrp040300-q2r-001_E02888-000_2020-07-20_01_2020-09-02.xsd#jpcrp040300-q2r_E02888-000_AmericaReportableSegmentMember" xlink:label="jpcrp040300-q2r_E02888-000_AmericaReportableSegmentMember" />
    <link:loc xlink:type="locator" xlink:href="jpcrp040300-q2r-001_E02888-000_2020-07-20_01_2020-09-02.xsd#jpcrp040300-q2r_E02888-000_ChinaReportableSegmentsMember" xlink:label="jpcrp040300-q2r_E02888-000_ChinaReportableSegmentsMember" />
    <link:loc xlink:type="locator" xlink:href="jpcrp040300-q2r-001_E02888-000_2020-07-20_01_2020-09-02.xsd#jpcrp040300-q2r_E02888-000_EuropeReportableSegmentsMember" xlink:label="jpcrp040300-q2r_E02888-000_EuropeReportableSegmentsMember" />
    <link:loc xlink:type="locator" xlink:href="jpcrp040300-q2r-001_E02888-000_2020-07-20_01_2020-09-02.xsd#jpcrp040300-q2r_E02888-000_GainOnReversalOfForeignCurrencyTranslationAdjustmentEI" xlink:label="jpcrp040300-q2r_E02888-000_GainOnReversalOfForeignCurrencyTranslationAdjustmentEI" />
    <link:loc xlink:type="locator" xlink:href="jpcrp040300-q2r-001_E02888-000_2020-07-20_01_2020-09-02.xsd#jpcrp040300-q2r_E02888-000_JapanReportableSegmentsMember" xlink:label="jpcrp040300-q2r_E02888-000_JapanReportableSegmentsMember" />
    <link:loc xlink:type="locator" xlink:href="jpcrp040300-q2r-001_E02888-000_2020-07-20_01_2020-09-02.xsd#jpcrp040300-q2r_E02888-000_KoreaReportableSegmentsMember" xlink:label="jpcrp040300-q2r_E02888-000_KoreaReportableSegmentsMember" />
    <link:loc xlink:type="locator" xlink:href="jpcrp040300-q2r-001_E02888-000_2020-07-20_01_2020-09-02.xsd#jpcrp040300-q2r_E02888-000_PayrollsAndCompensationSGA" xlink:label="jpcrp040300-q2r_E02888-000_PayrollsAndCompensationSGA" />
    <link:labelArc xlink:type="arc" xlink:from="jpcrp040300-q2r_E02888-000_AmericaReportableSegmentMember" xlink:to="jpcrp040300-q2r_E02888-000_AmericaReportableSegmentMember_label_1" xlink:arcrole="http://www.xbrl.org/2003/arcrole/concept-label" order="1" />
    <link:labelArc xlink:type="arc" xlink:from="jpcrp040300-q2r_E02888-000_AmericaReportableSegmentMember" xlink:to="jpcrp040300-q2r_E02888-000_AmericaReportableSegmentMember_label" xlink:arcrole="http://www.xbrl.org/2003/arcrole/concept-label" order="1" />
    <link:labelArc xlink:type="arc" xlink:from="jpcrp040300-q2r_E02888-000_ChinaReportableSegmentsMember" xlink:to="jpcrp040300-q2r_E02888-000_ChinaReportableSegmentsMember_label_1" xlink:arcrole="http://www.xbrl.org/2003/arcrole/concept-label" order="1" />
    <link:labelArc xlink:type="arc" xlink:from="jpcrp040300-q2r_E02888-000_ChinaReportableSegmentsMember" xlink:to="jpcrp040300-q2r_E02888-000_ChinaReportableSegmentsMember_label" xlink:arcrole="http://www.xbrl.org/2003/arcrole/concept-label" order="1" />
    <link:labelArc xlink:type="arc" xlink:from="jpcrp040300-q2r_E02888-000_EuropeReportableSegmentsMember" xlink:to="jpcrp040300-q2r_E02888-000_EuropeReportableSegmentsMember_label_1" xlink:arcrole="http://www.xbrl.org/2003/arcrole/concept-label" order="1" />
    <link:labelArc xlink:type="arc" xlink:from="jpcrp040300-q2r_E02888-000_EuropeReportableSegmentsMember" xlink:to="jpcrp040300-q2r_E02888-000_EuropeReportableSegmentsMember_label" xlink:arcrole="http://www.xbrl.org/2003/arcrole/concept-label" order="1" />
    <link:labelArc xlink:type="arc" xlink:from="jpcrp040300-q2r_E02888-000_GainOnReversalOfForeignCurrencyTranslationAdjustmentEI" xlink:to="jpcrp040300-q2r_E02888-000_GainOnReversalOfForeignCurrencyTranslationAdjustmentEI_label_1" xlink:arcrole="http://www.xbrl.org/2003/arcrole/concept-label" order="1" />
    <link:labelArc xlink:type="arc" xlink:from="jpcrp040300-q2r_E02888-000_GainOnReversalOfForeignCurrencyTranslationAdjustmentEI" xlink:to="jpcrp040300-q2r_E02888-000_GainOnReversalOfForeignCurrencyTranslationAdjustmentEI_label" xlink:arcrole="http://www.xbrl.org/2003/arcrole/concept-label" order="1" />
    <link:labelArc xlink:type="arc" xlink:from="jpcrp040300-q2r_E02888-000_JapanReportableSegmentsMember" xlink:to="jpcrp040300-q2r_E02888-000_JapanReportableSegmentsMember_label_1" xlink:arcrole="http://www.xbrl.org/2003/arcrole/concept-label" order="1" />
    <link:labelArc xlink:type="arc" xlink:from="jpcrp040300-q2r_E02888-000_JapanReportableSegmentsMember" xlink:to="jpcrp040300-q2r_E02888-000_JapanReportableSegmentsMember_label" xlink:arcrole="http://www.xbrl.org/2003/arcrole/concept-label" order="1" />
    <link:labelArc xlink:type="arc" xlink:from="jpcrp040300-q2r_E02888-000_KoreaReportableSegmentsMember" xlink:to="jpcrp040300-q2r_E02888-000_KoreaReportableSegmentsMember_label_1" xlink:arcrole="http://www.xbrl.org/2003/arcrole/concept-label" order="1" />
    <link:labelArc xlink:type="arc" xlink:from="jpcrp040300-q2r_E02888-000_KoreaReportableSegmentsMember" xlink:to="jpcrp040300-q2r_E02888-000_KoreaReportableSegmentsMember_label" xlink:arcrole="http://www.xbrl.org/2003/arcrole/concept-label" order="1" />
    <link:labelArc xlink:type="arc" xlink:from="jpcrp040300-q2r_E02888-000_PayrollsAndCompensationSGA" xlink:to="jpcrp040300-q2r_E02888-000_PayrollsAndCompensationSGA_label_1" xlink:arcrole="http://www.xbrl.org/2003/arcrole/concept-label" order="1" />
    <link:labelArc xlink:type="arc" xlink:from="jpcrp040300-q2r_E02888-000_PayrollsAndCompensationSGA" xlink:to="jpcrp040300-q2r_E02888-000_PayrollsAndCompensationSGA_label" xlink:arcrole="http://www.xbrl.org/2003/arcrole/concept-label" order="1" />
  </link:labelLink>
</link:linkbase>