<?xml version="1.0" encoding="utf-8"?>
<!-- Generated by PRONEXUS WORKS -->
<link:linkbase xmlns:link="http://www.xbrl.org/2003/linkbase" xmlns:xsi="http://www.w3.org/2001/XMLSchema-instance" xmlns:xbrli="http://www.xbrl.org/2003/instance" xmlns:xlink="http://www.w3.org/1999/xlink">
  <link:labelLink xlink:type="extended" xlink:role="http://www.xbrl.org/2003/role/link">
    <link:loc xlink:type="locator" xlink:href="jpcrp040300-q1r-001_E05070-000_2020-07-20_01_2020-09-01.xsd#jpcrp040300-q1r_E05070-000_TemporaryMaterials" xlink:label="TemporaryMaterials" />
    <link:loc xlink:type="locator" xlink:href="jpcrp040300-q1r-001_E05070-000_2020-07-20_01_2020-09-01.xsd#jpcrp040300-q1r_E05070-000_ConstructionSalesReportableSegmentsMember" xlink:label="ConstructionSalesReportableSegmentsMember" />
    <link:loc xlink:type="locator" xlink:href="jpcrp040300-q1r-001_E05070-000_2020-07-20_01_2020-09-01.xsd#jpcrp040300-q1r_E05070-000_MerchandiseAndFinishedGoodsReportableSegmentsMember" xlink:label="MerchandiseAndFinishedGoodsReportableSegmentsMember" />
    <link:loc xlink:type="locator" xlink:href="jpcrp040300-q1r-001_E05070-000_2020-07-20_01_2020-09-01.xsd#jpcrp040300-q1r_E05070-000_OverseasBusinessReportableSegmentsMember" xlink:label="OverseasBusinessReportableSegmentsMember" />
    <link:label xlink:type="resource" xlink:label="label_TemporaryMaterials" xml:lang="ja" xlink:role="http://www.xbrl.org/2003/role/label" id="label_TemporaryMaterials">賃貸用仮設材</link:label>
    <link:labelArc xlink:type="arc" xlink:arcrole="http://www.xbrl.org/2003/arcrole/concept-label" xlink:from="TemporaryMaterials" xlink:to="label_TemporaryMaterials" />
    <link:label xlink:type="resource" xlink:label="label_TemporaryMaterials_2" xml:lang="ja" xlink:role="http://www.xbrl.org/2003/role/verboseLabel" id="label_TemporaryMaterials_2">賃貸用仮設材、流動資産</link:label>
    <link:labelArc xlink:type="arc" xlink:arcrole="http://www.xbrl.org/2003/arcrole/concept-label" xlink:from="TemporaryMaterials" xlink:to="label_TemporaryMaterials_2" />
    <link:loc xlink:type="locator" xlink:href="jpcrp040300-q1r-001_E05070-000_2020-07-20_01_2020-09-01.xsd#jpcrp040300-q1r_E05070-000_LossOnActOnSpecialMeasuresForConsumptionTaxEL" xlink:label="LossOnActOnSpecialMeasuresForConsumptionTaxEL" />
    <link:label xlink:type="resource" xlink:label="label_LossOnActOnSpecialMeasuresForConsumptionTaxEL" xml:lang="ja" xlink:role="http://www.xbrl.org/2003/role/label" id="label_LossOnActOnSpecialMeasuresForConsumptionTaxEL">消費税転嫁対策特措法関連損失</link:label>
    <link:labelArc xlink:type="arc" xlink:arcrole="http://www.xbrl.org/2003/arcrole/concept-label" xlink:from="LossOnActOnSpecialMeasuresForConsumptionTaxEL" xlink:to="label_LossOnActOnSpecialMeasuresForConsumptionTaxEL" />
    <link:label xlink:type="resource" xlink:label="label_LossOnActOnSpecialMeasuresForConsumptionTaxEL_2" xml:lang="ja" xlink:role="http://www.xbrl.org/2003/role/verboseLabel" id="label_LossOnActOnSpecialMeasuresForConsumptionTaxEL_2">消費税転嫁対策特措法関連損失、特別損失</link:label>
    <link:labelArc xlink:type="arc" xlink:arcrole="http://www.xbrl.org/2003/arcrole/concept-label" xlink:from="LossOnActOnSpecialMeasuresForConsumptionTaxEL" xlink:to="label_LossOnActOnSpecialMeasuresForConsumptionTaxEL_2" />
    <link:loc xlink:type="locator" xlink:href="jpcrp040300-q1r-001_E05070-000_2020-07-20_01_2020-09-01.xsd#jpcrp040300-q1r_E05070-000_NotesRegardingLossOnActOnSpecialMeasuresForConsumptionTaxTextBlock" xlink:label="NotesRegardingLossOnActOnSpecialMeasuresForConsumptionTaxTextBlock" />
    <link:label xlink:type="resource" xlink:label="label_NotesRegardingLossOnActOnSpecialMeasuresForConsumptionTaxTextBlock" xml:lang="ja" xlink:role="http://www.xbrl.org/2003/role/label" id="label_NotesRegardingLossOnActOnSpecialMeasuresForConsumptionTaxTextBlock">消費税転嫁対策特措法関連損失に関する注記</link:label>
    <link:labelArc xlink:type="arc" xlink:arcrole="http://www.xbrl.org/2003/arcrole/concept-label" xlink:from="NotesRegardingLossOnActOnSpecialMeasuresForConsumptionTaxTextBlock" xlink:to="label_NotesRegardingLossOnActOnSpecialMeasuresForConsumptionTaxTextBlock" />
    <link:label xlink:type="resource" xlink:label="label_NotesRegardingLossOnActOnSpecialMeasuresForConsumptionTaxTextBlock_2" xml:lang="ja" xlink:role="http://www.xbrl.org/2003/role/verboseLabel" id="label_NotesRegardingLossOnActOnSpecialMeasuresForConsumptionTaxTextBlock_2">消費税転嫁対策特措法関連損失に関する注記 [テキストブロック]</link:label>
    <link:labelArc xlink:type="arc" xlink:arcrole="http://www.xbrl.org/2003/arcrole/concept-label" xlink:from="NotesRegardingLossOnActOnSpecialMeasuresForConsumptionTaxTextBlock" xlink:to="label_NotesRegardingLossOnActOnSpecialMeasuresForConsumptionTaxTextBlock_2" />
    <link:label xlink:type="resource" xlink:label="label_ConstructionSalesReportableSegmentsMember" xml:lang="ja" xlink:role="http://www.xbrl.org/2003/role/label" id="label_ConstructionSalesReportableSegmentsMember">施工サービス事業</link:label>
    <link:labelArc xlink:type="arc" xlink:arcrole="http://www.xbrl.org/2003/arcrole/concept-label" xlink:from="ConstructionSalesReportableSegmentsMember" xlink:to="label_ConstructionSalesReportableSegmentsMember" />
    <link:label xlink:type="resource" xlink:label="label_ConstructionSalesReportableSegmentsMember_2" xml:lang="ja" xlink:role="http://www.xbrl.org/2003/role/verboseLabel" id="label_ConstructionSalesReportableSegmentsMember_2">施工サービス事業、報告セグメント [メンバー]</link:label>
    <link:labelArc xlink:type="arc" xlink:arcrole="http://www.xbrl.org/2003/arcrole/concept-label" xlink:from="ConstructionSalesReportableSegmentsMember" xlink:to="label_ConstructionSalesReportableSegmentsMember_2" />
    <link:label xlink:type="resource" xlink:label="label_MerchandiseAndFinishedGoodsReportableSegmentsMember" xml:lang="ja" xlink:role="http://www.xbrl.org/2003/role/label" id="label_MerchandiseAndFinishedGoodsReportableSegmentsMember">製商品販売事業</link:label>
    <link:labelArc xlink:type="arc" xlink:arcrole="http://www.xbrl.org/2003/arcrole/concept-label" xlink:from="MerchandiseAndFinishedGoodsReportableSegmentsMember" xlink:to="label_MerchandiseAndFinishedGoodsReportableSegmentsMember" />
    <link:label xlink:type="resource" xlink:label="label_MerchandiseAndFinishedGoodsReportableSegmentsMember_2" xml:lang="ja" xlink:role="http://www.xbrl.org/2003/role/verboseLabel" id="label_MerchandiseAndFinishedGoodsReportableSegmentsMember_2">製商品販売事業、報告セグメント [メンバー]</link:label>
    <link:labelArc xlink:type="arc" xlink:arcrole="http://www.xbrl.org/2003/arcrole/concept-label" xlink:from="MerchandiseAndFinishedGoodsReportableSegmentsMember" xlink:to="label_MerchandiseAndFinishedGoodsReportableSegmentsMember_2" />
    <link:label xlink:type="resource" xlink:label="label_OverseasBusinessReportableSegmentsMember" xml:lang="ja" xlink:role="http://www.xbrl.org/2003/role/label" id="label_OverseasBusinessReportableSegmentsMember">海外事業</link:label>
    <link:labelArc xlink:type="arc" xlink:arcrole="http://www.xbrl.org/2003/arcrole/concept-label" xlink:from="OverseasBusinessReportableSegmentsMember" xlink:to="label_OverseasBusinessReportableSegmentsMember" />
    <link:label xlink:type="resource" xlink:label="label_OverseasBusinessReportableSegmentsMember_2" xml:lang="ja" xlink:role="http://www.xbrl.org/2003/role/verboseLabel" id="label_OverseasBusinessReportableSegmentsMember_2">海外事業、報告セグメント[メンバー]</link:label>
    <link:labelArc xlink:type="arc" xlink:arcrole="http://www.xbrl.org/2003/arcrole/concept-label" xlink:from="OverseasBusinessReportableSegmentsMember" xlink:to="label_OverseasBusinessReportableSegmentsMember_2" />
  </link:labelLink>
</link:linkbase>