<?xml version="1.0" encoding="utf-8"?>
<!-- Generated by PRONEXUS WORKS -->
<link:linkbase xmlns:link="http://www.xbrl.org/2003/linkbase" xmlns:xsi="http://www.w3.org/2001/XMLSchema-instance" xmlns:xbrli="http://www.xbrl.org/2003/instance" xmlns:xlink="http://www.w3.org/1999/xlink">
  <link:labelLink xlink:type="extended" xlink:role="http://www.xbrl.org/2003/role/link">
    <link:loc xlink:type="locator" xlink:href="jpcrp040300-q1r-001_E01438-000_2020-06-30_01_2020-09-01.xsd#jpcrp040300-q1r_E01438-000_AutomobileRelatedReportableSegmentsMember" xlink:label="AutomobileRelatedReportableSegmentsMember" />
    <link:loc xlink:type="locator" xlink:href="jpcrp040300-q1r-001_E01438-000_2020-06-30_01_2020-09-01.xsd#jpcrp040300-q1r_E01438-000_MedicalReportableSegmentsMember" xlink:label="MedicalReportableSegmentsMember" />
    <link:label xlink:type="resource" xlink:label="label_AutomobileRelatedReportableSegmentsMember" xml:lang="ja" xlink:role="http://www.xbrl.org/2003/role/label" id="label_AutomobileRelatedReportableSegmentsMember">自動車関連等</link:label>
    <link:labelArc xlink:type="arc" xlink:arcrole="http://www.xbrl.org/2003/arcrole/concept-label" xlink:from="AutomobileRelatedReportableSegmentsMember" xlink:to="label_AutomobileRelatedReportableSegmentsMember" />
    <link:label xlink:type="resource" xlink:label="label_AutomobileRelatedReportableSegmentsMember_2" xml:lang="ja" xlink:role="http://www.xbrl.org/2003/role/verboseLabel" id="label_AutomobileRelatedReportableSegmentsMember_2">自動車関連等、報告セグメント [メンバー]</link:label>
    <link:labelArc xlink:type="arc" xlink:arcrole="http://www.xbrl.org/2003/arcrole/concept-label" xlink:from="AutomobileRelatedReportableSegmentsMember" xlink:to="label_AutomobileRelatedReportableSegmentsMember_2" />
    <link:label xlink:type="resource" xlink:label="label_MedicalReportableSegmentsMember" xml:lang="ja" xlink:role="http://www.xbrl.org/2003/role/label" id="label_MedicalReportableSegmentsMember">医療機器</link:label>
    <link:labelArc xlink:type="arc" xlink:arcrole="http://www.xbrl.org/2003/arcrole/concept-label" xlink:from="MedicalReportableSegmentsMember" xlink:to="label_MedicalReportableSegmentsMember" />
    <link:label xlink:type="resource" xlink:label="label_MedicalReportableSegmentsMember_2" xml:lang="ja" xlink:role="http://www.xbrl.org/2003/role/verboseLabel" id="label_MedicalReportableSegmentsMember_2">医療機器、報告セグメント [メンバー]</link:label>
    <link:labelArc xlink:type="arc" xlink:arcrole="http://www.xbrl.org/2003/arcrole/concept-label" xlink:from="MedicalReportableSegmentsMember" xlink:to="label_MedicalReportableSegmentsMember_2" />
    <link:loc xlink:type="locator" xlink:href="jpcrp040300-q1r-001_E01438-000_2020-06-30_01_2020-09-01.xsd#jpcrp040300-q1r_E01438-000_BuildingDemolitionExpensesNOE" xlink:label="BuildingDemolitionExpensesNOE" />
    <link:label xlink:type="resource" xlink:label="label_BuildingDemolitionExpensesNOE" xml:lang="ja" xlink:role="http://www.xbrl.org/2003/role/label" id="label_BuildingDemolitionExpensesNOE">建物解体費用</link:label>
    <link:labelArc xlink:type="arc" xlink:arcrole="http://www.xbrl.org/2003/arcrole/concept-label" xlink:from="BuildingDemolitionExpensesNOE" xlink:to="label_BuildingDemolitionExpensesNOE" />
    <link:label xlink:type="resource" xlink:label="label_BuildingDemolitionExpensesNOE_2" xml:lang="ja" xlink:role="http://www.xbrl.org/2003/role/verboseLabel" id="label_BuildingDemolitionExpensesNOE_2">建物解体費用、営業外費用</link:label>
    <link:labelArc xlink:type="arc" xlink:arcrole="http://www.xbrl.org/2003/arcrole/concept-label" xlink:from="BuildingDemolitionExpensesNOE" xlink:to="label_BuildingDemolitionExpensesNOE_2" />
  </link:labelLink>
</link:linkbase>