<?xml version="1.0" encoding="utf-8"?>
<!-- Generated by PRONEXUS WORKS -->
<link:linkbase xmlns:link="http://www.xbrl.org/2003/linkbase" xmlns:xsi="http://www.w3.org/2001/XMLSchema-instance" xmlns:xbrli="http://www.xbrl.org/2003/instance" xmlns:xlink="http://www.w3.org/1999/xlink">
  <link:labelLink xlink:type="extended" xlink:role="http://www.xbrl.org/2003/role/link">
    <link:loc xlink:type="locator" xlink:href="jpcrp040300-q1r-001_E01438-000_2020-06-30_01_2020-09-01.xsd#jpcrp040300-q1r_E01438-000_AutomobileRelatedReportableSegmentsMember" xlink:label="AutomobileRelatedReportableSegmentsMember" />
    <link:loc xlink:type="locator" xlink:href="jpcrp040300-q1r-001_E01438-000_2020-06-30_01_2020-09-01.xsd#jpcrp040300-q1r_E01438-000_MedicalReportableSegmentsMember" xlink:label="MedicalReportableSegmentsMember" />
    <link:label xlink:type="resource" xlink:label="label_AutomobileRelatedReportableSegmentsMember" xml:lang="en" xlink:role="http://www.xbrl.org/2003/role/label" id="label_AutomobileRelatedReportableSegmentsMember">Automobile-related</link:label>
    <link:labelArc xlink:type="arc" xlink:arcrole="http://www.xbrl.org/2003/arcrole/concept-label" xlink:from="AutomobileRelatedReportableSegmentsMember" xlink:to="label_AutomobileRelatedReportableSegmentsMember" />
    <link:label xlink:type="resource" xlink:label="label_AutomobileRelatedReportableSegmentsMember_2" xml:lang="en" xlink:role="http://www.xbrl.org/2003/role/verboseLabel" id="label_AutomobileRelatedReportableSegmentsMember_2">Automobile-related, Reportable segments [member]</link:label>
    <link:labelArc xlink:type="arc" xlink:arcrole="http://www.xbrl.org/2003/arcrole/concept-label" xlink:from="AutomobileRelatedReportableSegmentsMember" xlink:to="label_AutomobileRelatedReportableSegmentsMember_2" />
    <link:label xlink:type="resource" xlink:label="label_MedicalReportableSegmentsMember" xml:lang="en" xlink:role="http://www.xbrl.org/2003/role/label" id="label_MedicalReportableSegmentsMember">Medical</link:label>
    <link:labelArc xlink:type="arc" xlink:arcrole="http://www.xbrl.org/2003/arcrole/concept-label" xlink:from="MedicalReportableSegmentsMember" xlink:to="label_MedicalReportableSegmentsMember" />
    <link:label xlink:type="resource" xlink:label="label_MedicalReportableSegmentsMember_2" xml:lang="en" xlink:role="http://www.xbrl.org/2003/role/verboseLabel" id="label_MedicalReportableSegmentsMember_2">Medical, Reportable segments [member]</link:label>
    <link:labelArc xlink:type="arc" xlink:arcrole="http://www.xbrl.org/2003/arcrole/concept-label" xlink:from="MedicalReportableSegmentsMember" xlink:to="label_MedicalReportableSegmentsMember_2" />
    <link:loc xlink:type="locator" xlink:href="jpcrp040300-q1r-001_E01438-000_2020-06-30_01_2020-09-01.xsd#jpcrp040300-q1r_E01438-000_BuildingDemolitionExpensesNOE" xlink:label="BuildingDemolitionExpensesNOE" />
    <link:label xlink:type="resource" xlink:label="label_BuildingDemolitionExpensesNOE" xml:lang="en" xlink:role="http://www.xbrl.org/2003/role/label" id="label_BuildingDemolitionExpensesNOE">Building demolition expenses</link:label>
    <link:labelArc xlink:type="arc" xlink:arcrole="http://www.xbrl.org/2003/arcrole/concept-label" xlink:from="BuildingDemolitionExpensesNOE" xlink:to="label_BuildingDemolitionExpensesNOE" />
    <link:label xlink:type="resource" xlink:label="label_BuildingDemolitionExpensesNOE_2" xml:lang="en" xlink:role="http://www.xbrl.org/2003/role/verboseLabel" id="label_BuildingDemolitionExpensesNOE_2">Building demolition expenses -NOE</link:label>
    <link:labelArc xlink:type="arc" xlink:arcrole="http://www.xbrl.org/2003/arcrole/concept-label" xlink:from="BuildingDemolitionExpensesNOE" xlink:to="label_BuildingDemolitionExpensesNOE_2" />
  </link:labelLink>
</link:linkbase>