<?xml version="1.0" encoding="utf-8"?>
<!-- Generated by PRONEXUS WORKS -->
<link:linkbase xmlns:link="http://www.xbrl.org/2003/linkbase" xmlns:xsi="http://www.w3.org/2001/XMLSchema-instance" xmlns:xbrli="http://www.xbrl.org/2003/instance" xmlns:xlink="http://www.w3.org/1999/xlink">
  <link:labelLink xlink:type="extended" xlink:role="http://www.xbrl.org/2003/role/link">
    <link:loc xlink:type="locator" xlink:href="jpcrp040300-q2r-001_E00424-000_2020-07-20_01_2020-09-03.xsd#jpcrp040300-q2r_E00424-000_DomesticBeverageBusinessReportableSegmentsMember" xlink:label="DomesticBeverageBusinessReportableSegmentsMember" />
    <link:loc xlink:type="locator" xlink:href="jpcrp040300-q2r-001_E00424-000_2020-07-20_01_2020-09-03.xsd#jpcrp040300-q2r_E00424-000_InternationalBeverageBusinessReportableSegmentsMember" xlink:label="InternationalBeverageBusinessReportableSegmentsMember" />
    <link:loc xlink:type="locator" xlink:href="jpcrp040300-q2r-001_E00424-000_2020-07-20_01_2020-09-03.xsd#jpcrp040300-q2r_E00424-000_PharmaceuticalRelatedBusinessReportableSegmentsMember" xlink:label="PharmaceuticalRelatedBusinessReportableSegmentsMember" />
    <link:loc xlink:type="locator" xlink:href="jpcrp040300-q2r-001_E00424-000_2020-07-20_01_2020-09-03.xsd#jpcrp040300-q2r_E00424-000_FoodBusinessReportableSegmentsMember" xlink:label="FoodBusinessReportableSegmentsMember" />
    <link:loc xlink:type="locator" xlink:href="jpcrp040300-q2r-001_E00424-000_2020-07-20_01_2020-09-03.xsd#jpcrp040300-q2r_E00424-000_NotesRegardingLossOnDisasterTextBlock" xlink:label="NotesRegardingLossOnDisasterTextBlock" />
    <link:loc xlink:type="locator" xlink:href="jpcrp040300-q2r-001_E00424-000_2020-07-20_01_2020-09-03.xsd#jpcrp040300-q2r_E00424-000_LossOnCovid19InfectionOpeCF" xlink:label="LossOnCovid19InfectionOpeCF" />
    <link:loc xlink:type="locator" xlink:href="jpcrp040300-q2r-001_E00424-000_2020-07-20_01_2020-09-03.xsd#jpcrp040300-q2r_E00424-000_PaymentsAssociatedWithLossOnCovid19InfectionOpeCF" xlink:label="PaymentsAssociatedWithLossOnCovid19InfectionOpeCF" />
    <link:loc xlink:type="locator" xlink:href="jpcrp040300-q2r-001_E00424-000_2020-07-20_01_2020-09-03.xsd#jpcrp040300-q2r_E00424-000_LossDueToCOVID19EL" xlink:label="LossDueToCOVID19EL" />
    <link:loc xlink:type="locator" xlink:href="jpcrp040300-q2r-001_E00424-000_2020-07-20_01_2020-09-03.xsd#jpcrp040300-q2r_E00424-000_NotesRegardingLossOnCOVID19TextBlock" xlink:label="NotesRegardingLossOnCOVID19TextBlock" />
    <link:label xlink:type="resource" xlink:label="label_LossOnCovid19InfectionOpeCF" xml:lang="ja" xlink:role="http://www.xbrl.org/2003/role/label" id="label_LossOnCovid19InfectionOpeCF">新型コロナウイルス感染症による損失</link:label>
    <link:labelArc xlink:type="arc" xlink:arcrole="http://www.xbrl.org/2003/arcrole/concept-label" xlink:from="LossOnCovid19InfectionOpeCF" xlink:to="label_LossOnCovid19InfectionOpeCF" />
    <link:label xlink:type="resource" xlink:label="label_LossOnCovid19InfectionOpeCF_2" xml:lang="ja" xlink:role="http://www.xbrl.org/2003/role/verboseLabel" id="label_LossOnCovid19InfectionOpeCF_2">新型コロナウイルス感染症による損失、営業活動によるキャッシュ・フロー</link:label>
    <link:labelArc xlink:type="arc" xlink:arcrole="http://www.xbrl.org/2003/arcrole/concept-label" xlink:from="LossOnCovid19InfectionOpeCF" xlink:to="label_LossOnCovid19InfectionOpeCF_2" />
    <link:label xlink:type="resource" xlink:label="label_PaymentsAssociatedWithLossOnCovid19InfectionOpeCF" xml:lang="ja" xlink:role="http://www.xbrl.org/2003/role/label" id="label_PaymentsAssociatedWithLossOnCovid19InfectionOpeCF">新型コロナウイルス感染症による損失の支払額</link:label>
    <link:labelArc xlink:type="arc" xlink:arcrole="http://www.xbrl.org/2003/arcrole/concept-label" xlink:from="PaymentsAssociatedWithLossOnCovid19InfectionOpeCF" xlink:to="label_PaymentsAssociatedWithLossOnCovid19InfectionOpeCF" />
    <link:label xlink:type="resource" xlink:label="label_PaymentsAssociatedWithLossOnCovid19InfectionOpeCF_2" xml:lang="ja" xlink:role="http://www.xbrl.org/2003/role/verboseLabel" id="label_PaymentsAssociatedWithLossOnCovid19InfectionOpeCF_2">新型コロナウイルス感染症による損失の支払額、営業活動によるキャッシュ・フロー</link:label>
    <link:labelArc xlink:type="arc" xlink:arcrole="http://www.xbrl.org/2003/arcrole/concept-label" xlink:from="PaymentsAssociatedWithLossOnCovid19InfectionOpeCF" xlink:to="label_PaymentsAssociatedWithLossOnCovid19InfectionOpeCF_2" />
    <link:label xlink:type="resource" xlink:label="label_DomesticBeverageBusinessReportableSegmentsMember" xml:lang="ja" xlink:role="http://www.xbrl.org/2003/role/label" id="label_DomesticBeverageBusinessReportableSegmentsMember">国内飲料事業</link:label>
    <link:labelArc xlink:type="arc" xlink:arcrole="http://www.xbrl.org/2003/arcrole/concept-label" xlink:from="DomesticBeverageBusinessReportableSegmentsMember" xlink:to="label_DomesticBeverageBusinessReportableSegmentsMember" />
    <link:label xlink:type="resource" xlink:label="label_DomesticBeverageBusinessReportableSegmentsMember_2" xml:lang="ja" xlink:role="http://www.xbrl.org/2003/role/verboseLabel" id="label_DomesticBeverageBusinessReportableSegmentsMember_2">国内飲料事業、報告セグメント [メンバー]</link:label>
    <link:labelArc xlink:type="arc" xlink:arcrole="http://www.xbrl.org/2003/arcrole/concept-label" xlink:from="DomesticBeverageBusinessReportableSegmentsMember" xlink:to="label_DomesticBeverageBusinessReportableSegmentsMember_2" />
    <link:label xlink:type="resource" xlink:label="label_InternationalBeverageBusinessReportableSegmentsMember" xml:lang="ja" xlink:role="http://www.xbrl.org/2003/role/label" id="label_InternationalBeverageBusinessReportableSegmentsMember">海外飲料事業</link:label>
    <link:labelArc xlink:type="arc" xlink:arcrole="http://www.xbrl.org/2003/arcrole/concept-label" xlink:from="InternationalBeverageBusinessReportableSegmentsMember" xlink:to="label_InternationalBeverageBusinessReportableSegmentsMember" />
    <link:label xlink:type="resource" xlink:label="label_InternationalBeverageBusinessReportableSegmentsMember_2" xml:lang="ja" xlink:role="http://www.xbrl.org/2003/role/verboseLabel" id="label_InternationalBeverageBusinessReportableSegmentsMember_2">海外飲料事業、報告セグメント [メンバー]</link:label>
    <link:labelArc xlink:type="arc" xlink:arcrole="http://www.xbrl.org/2003/arcrole/concept-label" xlink:from="InternationalBeverageBusinessReportableSegmentsMember" xlink:to="label_InternationalBeverageBusinessReportableSegmentsMember_2" />
    <link:label xlink:type="resource" xlink:label="label_PharmaceuticalRelatedBusinessReportableSegmentsMember" xml:lang="ja" xlink:role="http://www.xbrl.org/2003/role/label" id="label_PharmaceuticalRelatedBusinessReportableSegmentsMember">医薬品関連事業</link:label>
    <link:labelArc xlink:type="arc" xlink:arcrole="http://www.xbrl.org/2003/arcrole/concept-label" xlink:from="PharmaceuticalRelatedBusinessReportableSegmentsMember" xlink:to="label_PharmaceuticalRelatedBusinessReportableSegmentsMember" />
    <link:label xlink:type="resource" xlink:label="label_PharmaceuticalRelatedBusinessReportableSegmentsMember_2" xml:lang="ja" xlink:role="http://www.xbrl.org/2003/role/verboseLabel" id="label_PharmaceuticalRelatedBusinessReportableSegmentsMember_2">医薬品関連事業、報告セグメント [メンバー]</link:label>
    <link:labelArc xlink:type="arc" xlink:arcrole="http://www.xbrl.org/2003/arcrole/concept-label" xlink:from="PharmaceuticalRelatedBusinessReportableSegmentsMember" xlink:to="label_PharmaceuticalRelatedBusinessReportableSegmentsMember_2" />
    <link:label xlink:type="resource" xlink:label="label_FoodBusinessReportableSegmentsMember" xml:lang="ja" xlink:role="http://www.xbrl.org/2003/role/label" id="label_FoodBusinessReportableSegmentsMember">食品事業</link:label>
    <link:labelArc xlink:type="arc" xlink:arcrole="http://www.xbrl.org/2003/arcrole/concept-label" xlink:from="FoodBusinessReportableSegmentsMember" xlink:to="label_FoodBusinessReportableSegmentsMember" />
    <link:label xlink:type="resource" xlink:label="label_FoodBusinessReportableSegmentsMember_2" xml:lang="ja" xlink:role="http://www.xbrl.org/2003/role/verboseLabel" id="label_FoodBusinessReportableSegmentsMember_2">食品事業、報告セグメント [メンバー]</link:label>
    <link:labelArc xlink:type="arc" xlink:arcrole="http://www.xbrl.org/2003/arcrole/concept-label" xlink:from="FoodBusinessReportableSegmentsMember" xlink:to="label_FoodBusinessReportableSegmentsMember_2" />
    <link:label xlink:type="resource" xlink:label="label_LossDueToCOVID19EL" xml:lang="ja" xlink:role="http://www.xbrl.org/2003/role/label" id="label_LossDueToCOVID19EL">新型コロナウイルス感染症による損失</link:label>
    <link:labelArc xlink:type="arc" xlink:arcrole="http://www.xbrl.org/2003/arcrole/concept-label" xlink:from="LossDueToCOVID19EL" xlink:to="label_LossDueToCOVID19EL" />
    <link:label xlink:type="resource" xlink:label="label_LossDueToCOVID19EL_2" xml:lang="ja" xlink:role="http://www.xbrl.org/2003/role/verboseLabel" id="label_LossDueToCOVID19EL_2">新型コロナウイルス感染症による損失、特別損失</link:label>
    <link:labelArc xlink:type="arc" xlink:arcrole="http://www.xbrl.org/2003/arcrole/concept-label" xlink:from="LossDueToCOVID19EL" xlink:to="label_LossDueToCOVID19EL_2" />
    <link:label xlink:type="resource" xlink:label="label_NotesRegardingLossOnDisasterTextBlock" xml:lang="ja" xlink:role="http://www.xbrl.org/2003/role/label" id="label_NotesRegardingLossOnDisasterTextBlock">災害による損失の注記</link:label>
    <link:labelArc xlink:type="arc" xlink:arcrole="http://www.xbrl.org/2003/arcrole/concept-label" xlink:from="NotesRegardingLossOnDisasterTextBlock" xlink:to="label_NotesRegardingLossOnDisasterTextBlock" />
    <link:label xlink:type="resource" xlink:label="label_NotesRegardingLossOnDisasterTextBlock_2" xml:lang="ja" xlink:role="http://www.xbrl.org/2003/role/verboseLabel" id="label_NotesRegardingLossOnDisasterTextBlock_2">災害による損失の注記 [テキストブロック]</link:label>
    <link:labelArc xlink:type="arc" xlink:arcrole="http://www.xbrl.org/2003/arcrole/concept-label" xlink:from="NotesRegardingLossOnDisasterTextBlock" xlink:to="label_NotesRegardingLossOnDisasterTextBlock_2" />
    <link:label xlink:type="resource" xlink:label="label_NotesRegardingLossOnCOVID19TextBlock" xml:lang="ja" xlink:role="http://www.xbrl.org/2003/role/label" id="label_NotesRegardingLossOnCOVID19TextBlock">新型コロナウイルス感染症による損失に関する注記</link:label>
    <link:labelArc xlink:type="arc" xlink:arcrole="http://www.xbrl.org/2003/arcrole/concept-label" xlink:from="NotesRegardingLossOnCOVID19TextBlock" xlink:to="label_NotesRegardingLossOnCOVID19TextBlock" />
    <link:label xlink:type="resource" xlink:label="label_NotesRegardingLossOnCOVID19TextBlock_2" xml:lang="ja" xlink:role="http://www.xbrl.org/2003/role/verboseLabel" id="label_NotesRegardingLossOnCOVID19TextBlock_2">新型コロナウイルス感染症による損失に関する注記 [テキストブロック]</link:label>
    <link:labelArc xlink:type="arc" xlink:arcrole="http://www.xbrl.org/2003/arcrole/concept-label" xlink:from="NotesRegardingLossOnCOVID19TextBlock" xlink:to="label_NotesRegardingLossOnCOVID19TextBlock_2" />
  </link:labelLink>
</link:linkbase>