<?xml version="1.0" encoding="utf-8"?>
<!-- Generated by PRONEXUS WORKS -->
<link:linkbase xmlns:link="http://www.xbrl.org/2003/linkbase" xmlns:xsi="http://www.w3.org/2001/XMLSchema-instance" xmlns:xbrli="http://www.xbrl.org/2003/instance" xmlns:xlink="http://www.w3.org/1999/xlink">
  <link:labelLink xlink:type="extended" xlink:role="http://www.xbrl.org/2003/role/link">
    <link:loc xlink:type="locator" xlink:href="http://disclosure.edinet-fsa.go.jp/taxonomy/jppfs/2019-02-28/jppfs_cor_2019-02-28.xsd#jppfs_cor_OperatingIncome" xlink:label="OperatingIncome" />
    <link:loc xlink:type="locator" xlink:href="jpcrp040300-q2r-001_E00424-000_2020-07-20_01_2020-09-03.xsd#jpcrp040300-q2r_E00424-000_DomesticBeverageBusinessReportableSegmentsMember" xlink:label="DomesticBeverageBusinessReportableSegmentsMember" />
    <link:loc xlink:type="locator" xlink:href="jpcrp040300-q2r-001_E00424-000_2020-07-20_01_2020-09-03.xsd#jpcrp040300-q2r_E00424-000_InternationalBeverageBusinessReportableSegmentsMember" xlink:label="InternationalBeverageBusinessReportableSegmentsMember" />
    <link:loc xlink:type="locator" xlink:href="jpcrp040300-q2r-001_E00424-000_2020-07-20_01_2020-09-03.xsd#jpcrp040300-q2r_E00424-000_PharmaceuticalRelatedBusinessReportableSegmentsMember" xlink:label="PharmaceuticalRelatedBusinessReportableSegmentsMember" />
    <link:loc xlink:type="locator" xlink:href="jpcrp040300-q2r-001_E00424-000_2020-07-20_01_2020-09-03.xsd#jpcrp040300-q2r_E00424-000_FoodBusinessReportableSegmentsMember" xlink:label="FoodBusinessReportableSegmentsMember" />
    <link:loc xlink:type="locator" xlink:href="jpcrp040300-q2r-001_E00424-000_2020-07-20_01_2020-09-03.xsd#jpcrp040300-q2r_E00424-000_NotesRegardingLossOnDisasterTextBlock" xlink:label="NotesRegardingLossOnDisasterTextBlock" />
    <link:loc xlink:type="locator" xlink:href="jpcrp040300-q2r-001_E00424-000_2020-07-20_01_2020-09-03.xsd#jpcrp040300-q2r_E00424-000_LossOnCovid19InfectionOpeCF" xlink:label="LossOnCovid19InfectionOpeCF" />
    <link:loc xlink:type="locator" xlink:href="jpcrp040300-q2r-001_E00424-000_2020-07-20_01_2020-09-03.xsd#jpcrp040300-q2r_E00424-000_PaymentsAssociatedWithLossOnCovid19InfectionOpeCF" xlink:label="PaymentsAssociatedWithLossOnCovid19InfectionOpeCF" />
    <link:loc xlink:type="locator" xlink:href="jpcrp040300-q2r-001_E00424-000_2020-07-20_01_2020-09-03.xsd#jpcrp040300-q2r_E00424-000_LossDueToCOVID19EL" xlink:label="LossDueToCOVID19EL" />
    <link:loc xlink:type="locator" xlink:href="http://disclosure.edinet-fsa.go.jp/taxonomy/jppfs/2019-02-28/label/jppfs_2019-02-28_lab-en.xml#label_OperatingIncome" xlink:label="label_OperatingIncome" xlink:role="http://www.xbrl.org/2003/role/label" />
    <link:labelArc xlink:type="arc" xlink:arcrole="http://www.xbrl.org/2003/arcrole/concept-label" xlink:from="OperatingIncome" xlink:to="label_OperatingIncome" use="prohibited" priority="1" />
    <link:label xlink:type="resource" xlink:label="label_OperatingIncome_2" xml:lang="en" xlink:role="http://www.xbrl.org/2003/role/label" id="label_OperatingIncome_2">Operating profit(loss)</link:label>
    <link:labelArc xlink:type="arc" xlink:arcrole="http://www.xbrl.org/2003/arcrole/concept-label" xlink:from="OperatingIncome" xlink:to="label_OperatingIncome_2" priority="2" />
    <link:loc xlink:type="locator" xlink:href="jpcrp040300-q2r-001_E00424-000_2020-07-20_01_2020-09-03.xsd#jpcrp040300-q2r_E00424-000_NotesRegardingLossOnCOVID19TextBlock" xlink:label="NotesRegardingLossOnCOVID19TextBlock" />
    <link:label xlink:type="resource" xlink:label="label_LossOnCovid19InfectionOpeCF" xml:lang="en" xlink:role="http://www.xbrl.org/2003/role/label" id="label_LossOnCovid19InfectionOpeCF">Loss on covid-19 infection</link:label>
    <link:labelArc xlink:type="arc" xlink:arcrole="http://www.xbrl.org/2003/arcrole/concept-label" xlink:from="LossOnCovid19InfectionOpeCF" xlink:to="label_LossOnCovid19InfectionOpeCF" />
    <link:label xlink:type="resource" xlink:label="label_LossOnCovid19InfectionOpeCF_2" xml:lang="en" xlink:role="http://www.xbrl.org/2003/role/verboseLabel" id="label_LossOnCovid19InfectionOpeCF_2">Loss on covid-19 infection-OpeCF</link:label>
    <link:labelArc xlink:type="arc" xlink:arcrole="http://www.xbrl.org/2003/arcrole/concept-label" xlink:from="LossOnCovid19InfectionOpeCF" xlink:to="label_LossOnCovid19InfectionOpeCF_2" />
    <link:label xlink:type="resource" xlink:label="label_PaymentsAssociatedWithLossOnCovid19InfectionOpeCF" xml:lang="en" xlink:role="http://www.xbrl.org/2003/role/label" id="label_PaymentsAssociatedWithLossOnCovid19InfectionOpeCF">Payments associated with loss on covid-19 infection</link:label>
    <link:labelArc xlink:type="arc" xlink:arcrole="http://www.xbrl.org/2003/arcrole/concept-label" xlink:from="PaymentsAssociatedWithLossOnCovid19InfectionOpeCF" xlink:to="label_PaymentsAssociatedWithLossOnCovid19InfectionOpeCF" />
    <link:label xlink:type="resource" xlink:label="label_PaymentsAssociatedWithLossOnCovid19InfectionOpeCF_2" xml:lang="en" xlink:role="http://www.xbrl.org/2003/role/verboseLabel" id="label_PaymentsAssociatedWithLossOnCovid19InfectionOpeCF_2">Payments associated with loss on covid-19 infection-OpeCF</link:label>
    <link:labelArc xlink:type="arc" xlink:arcrole="http://www.xbrl.org/2003/arcrole/concept-label" xlink:from="PaymentsAssociatedWithLossOnCovid19InfectionOpeCF" xlink:to="label_PaymentsAssociatedWithLossOnCovid19InfectionOpeCF_2" />
    <link:label xlink:type="resource" xlink:label="label_DomesticBeverageBusinessReportableSegmentsMember" xml:lang="en" xlink:role="http://www.xbrl.org/2003/role/label" id="label_DomesticBeverageBusinessReportableSegmentsMember">Domestic beverage business</link:label>
    <link:labelArc xlink:type="arc" xlink:arcrole="http://www.xbrl.org/2003/arcrole/concept-label" xlink:from="DomesticBeverageBusinessReportableSegmentsMember" xlink:to="label_DomesticBeverageBusinessReportableSegmentsMember" />
    <link:label xlink:type="resource" xlink:label="label_DomesticBeverageBusinessReportableSegmentsMember_2" xml:lang="en" xlink:role="http://www.xbrl.org/2003/role/verboseLabel" id="label_DomesticBeverageBusinessReportableSegmentsMember_2">Domestic beverage business, Reportable segments [member]</link:label>
    <link:labelArc xlink:type="arc" xlink:arcrole="http://www.xbrl.org/2003/arcrole/concept-label" xlink:from="DomesticBeverageBusinessReportableSegmentsMember" xlink:to="label_DomesticBeverageBusinessReportableSegmentsMember_2" />
    <link:label xlink:type="resource" xlink:label="label_InternationalBeverageBusinessReportableSegmentsMember" xml:lang="en" xlink:role="http://www.xbrl.org/2003/role/label" id="label_InternationalBeverageBusinessReportableSegmentsMember">International beverage business</link:label>
    <link:labelArc xlink:type="arc" xlink:arcrole="http://www.xbrl.org/2003/arcrole/concept-label" xlink:from="InternationalBeverageBusinessReportableSegmentsMember" xlink:to="label_InternationalBeverageBusinessReportableSegmentsMember" />
    <link:label xlink:type="resource" xlink:label="label_InternationalBeverageBusinessReportableSegmentsMember_2" xml:lang="en" xlink:role="http://www.xbrl.org/2003/role/verboseLabel" id="label_InternationalBeverageBusinessReportableSegmentsMember_2">International beverage business, Reportable segments [member]</link:label>
    <link:labelArc xlink:type="arc" xlink:arcrole="http://www.xbrl.org/2003/arcrole/concept-label" xlink:from="InternationalBeverageBusinessReportableSegmentsMember" xlink:to="label_InternationalBeverageBusinessReportableSegmentsMember_2" />
    <link:label xlink:type="resource" xlink:label="label_PharmaceuticalRelatedBusinessReportableSegmentsMember" xml:lang="en" xlink:role="http://www.xbrl.org/2003/role/label" id="label_PharmaceuticalRelatedBusinessReportableSegmentsMember">Pharmaceutical-related business</link:label>
    <link:labelArc xlink:type="arc" xlink:arcrole="http://www.xbrl.org/2003/arcrole/concept-label" xlink:from="PharmaceuticalRelatedBusinessReportableSegmentsMember" xlink:to="label_PharmaceuticalRelatedBusinessReportableSegmentsMember" />
    <link:label xlink:type="resource" xlink:label="label_PharmaceuticalRelatedBusinessReportableSegmentsMember_2" xml:lang="en" xlink:role="http://www.xbrl.org/2003/role/verboseLabel" id="label_PharmaceuticalRelatedBusinessReportableSegmentsMember_2">Pharmaceutical-related business, Reportable segments [member]</link:label>
    <link:labelArc xlink:type="arc" xlink:arcrole="http://www.xbrl.org/2003/arcrole/concept-label" xlink:from="PharmaceuticalRelatedBusinessReportableSegmentsMember" xlink:to="label_PharmaceuticalRelatedBusinessReportableSegmentsMember_2" />
    <link:label xlink:type="resource" xlink:label="label_FoodBusinessReportableSegmentsMember" xml:lang="en" xlink:role="http://www.xbrl.org/2003/role/label" id="label_FoodBusinessReportableSegmentsMember">Food business</link:label>
    <link:labelArc xlink:type="arc" xlink:arcrole="http://www.xbrl.org/2003/arcrole/concept-label" xlink:from="FoodBusinessReportableSegmentsMember" xlink:to="label_FoodBusinessReportableSegmentsMember" />
    <link:label xlink:type="resource" xlink:label="label_FoodBusinessReportableSegmentsMember_2" xml:lang="en" xlink:role="http://www.xbrl.org/2003/role/verboseLabel" id="label_FoodBusinessReportableSegmentsMember_2">Food business, Reportable segments [member]</link:label>
    <link:labelArc xlink:type="arc" xlink:arcrole="http://www.xbrl.org/2003/arcrole/concept-label" xlink:from="FoodBusinessReportableSegmentsMember" xlink:to="label_FoodBusinessReportableSegmentsMember_2" />
    <link:label xlink:type="resource" xlink:label="label_LossDueToCOVID19EL" xml:lang="en" xlink:role="http://www.xbrl.org/2003/role/label" id="label_LossDueToCOVID19EL">Loss due to COVID-19</link:label>
    <link:labelArc xlink:type="arc" xlink:arcrole="http://www.xbrl.org/2003/arcrole/concept-label" xlink:from="LossDueToCOVID19EL" xlink:to="label_LossDueToCOVID19EL" />
    <link:label xlink:type="resource" xlink:label="label_LossDueToCOVID19EL_2" xml:lang="en" xlink:role="http://www.xbrl.org/2003/role/verboseLabel" id="label_LossDueToCOVID19EL_2">Loss due to COVID-19-EL</link:label>
    <link:labelArc xlink:type="arc" xlink:arcrole="http://www.xbrl.org/2003/arcrole/concept-label" xlink:from="LossDueToCOVID19EL" xlink:to="label_LossDueToCOVID19EL_2" />
    <link:label xlink:type="resource" xlink:label="label_NotesRegardingLossOnDisasterTextBlock" xml:lang="en" xlink:role="http://www.xbrl.org/2003/role/label" id="label_NotesRegardingLossOnDisasterTextBlock">Notes regarding loss on disaster</link:label>
    <link:labelArc xlink:type="arc" xlink:arcrole="http://www.xbrl.org/2003/arcrole/concept-label" xlink:from="NotesRegardingLossOnDisasterTextBlock" xlink:to="label_NotesRegardingLossOnDisasterTextBlock" />
    <link:label xlink:type="resource" xlink:label="label_NotesRegardingLossOnDisasterTextBlock_2" xml:lang="en" xlink:role="http://www.xbrl.org/2003/role/verboseLabel" id="label_NotesRegardingLossOnDisasterTextBlock_2">Notes regarding loss on disaster [text block]</link:label>
    <link:labelArc xlink:type="arc" xlink:arcrole="http://www.xbrl.org/2003/arcrole/concept-label" xlink:from="NotesRegardingLossOnDisasterTextBlock" xlink:to="label_NotesRegardingLossOnDisasterTextBlock_2" />
    <link:label xlink:type="resource" xlink:label="label_NotesRegardingLossOnCOVID19TextBlock" xml:lang="en" xlink:role="http://www.xbrl.org/2003/role/label" id="label_NotesRegardingLossOnCOVID19TextBlock">Notes regarding loss on COVID-19</link:label>
    <link:labelArc xlink:type="arc" xlink:arcrole="http://www.xbrl.org/2003/arcrole/concept-label" xlink:from="NotesRegardingLossOnCOVID19TextBlock" xlink:to="label_NotesRegardingLossOnCOVID19TextBlock" />
    <link:label xlink:type="resource" xlink:label="label_NotesRegardingLossOnCOVID19TextBlock_2" xml:lang="en" xlink:role="http://www.xbrl.org/2003/role/verboseLabel" id="label_NotesRegardingLossOnCOVID19TextBlock_2">Notes regarding loss on COVID-19 [text block]</link:label>
    <link:labelArc xlink:type="arc" xlink:arcrole="http://www.xbrl.org/2003/arcrole/concept-label" xlink:from="NotesRegardingLossOnCOVID19TextBlock" xlink:to="label_NotesRegardingLossOnCOVID19TextBlock_2" />
  </link:labelLink>
</link:linkbase>