﻿<?xml version="1.0" encoding="utf-8"?>
<!-- Edited with FutureStage XBRL Solution Library .NET 01-11 -->
<link:linkbase xmlns:xlink="http://www.w3.org/1999/xlink" xmlns:xsi="http://www.w3.org/2001/XMLSchema-instance" xmlns:link="http://www.xbrl.org/2003/linkbase">
  <link:labelLink xlink:type="extended" xlink:role="http://www.xbrl.org/2003/role/link">
    <link:label xml:lang="ja" xlink:type="resource" xlink:label="jpcrp040300-q3r_E05015-000_ConstructionConsultantReportableSegmentsMember_label" xlink:role="http://www.xbrl.org/2003/role/label">建設コンサルタント事業</link:label>
    <link:label xml:lang="ja" xlink:type="resource" xlink:label="jpcrp040300-q3r_E05015-000_ConstructionConsultantReportableSegmentsMember_label_1" xlink:role="http://www.xbrl.org/2003/role/verboseLabel">建設コンサルタント事業、報告セグメント [メンバー]</link:label>
    <link:label xml:lang="ja" xlink:type="resource" xlink:label="jpcrp040300-q3r_E05015-000_FiduciaryObligationExpensesNOE_label" xlink:role="http://www.xbrl.org/2003/role/label">業務受託費用</link:label>
    <link:label xml:lang="ja" xlink:type="resource" xlink:label="jpcrp040300-q3r_E05015-000_FiduciaryObligationExpensesNOE_label_1" xlink:role="http://www.xbrl.org/2003/role/verboseLabel">業務受託費用、営業外費用</link:label>
    <link:label xml:lang="ja" xlink:type="resource" xlink:label="jpcrp040300-q3r_E05015-000_NotesReceivableAndAccountsReceivableFromOperations_label_1" xlink:role="http://www.xbrl.org/2003/role/label">受取手形及び完成業務未収入金</link:label>
    <link:label xml:lang="ja" xlink:type="resource" xlink:label="jpcrp040300-q3r_E05015-000_NotesReceivableAndAccountsReceivableFromOperations_label_2" xlink:role="http://www.xbrl.org/2003/role/verboseLabel">受取手形及び完成業務未収入金</link:label>
    <link:label xml:lang="ja" xlink:type="resource" xlink:label="jpcrp040300-q3r_E05015-000_NotesReceivableAndAccountsReceivableFromOperations_label" xlink:role="http://www.xbrl.org/2003/role/documentation">受取手形及び完成業務未収入金</link:label>
    <link:label xml:lang="ja" xlink:type="resource" xlink:label="jpcrp040300-q3r_E05015-000_PropertyForLeaseNet_label_1" xlink:role="http://www.xbrl.org/2003/role/label">賃貸資産（純額）</link:label>
    <link:label xml:lang="ja" xlink:type="resource" xlink:label="jpcrp040300-q3r_E05015-000_PropertyForLeaseNet_label_2" xlink:role="http://www.xbrl.org/2003/role/verboseLabel">賃貸資産（純額）</link:label>
    <link:label xml:lang="ja" xlink:type="resource" xlink:label="jpcrp040300-q3r_E05015-000_PropertyForLeaseNet_label" xlink:role="http://www.xbrl.org/2003/role/documentation">賃貸資産（純額）</link:label>
    <link:label xml:lang="ja" xlink:type="resource" xlink:label="jpcrp040300-q3r_E05015-000_Provision_label_1" xlink:role="http://www.xbrl.org/2003/role/label">業務損失引当金</link:label>
    <link:label xml:lang="ja" xlink:type="resource" xlink:label="jpcrp040300-q3r_E05015-000_Provision_label_2" xlink:role="http://www.xbrl.org/2003/role/verboseLabel">業務損失引当金</link:label>
    <link:label xml:lang="ja" xlink:type="resource" xlink:label="jpcrp040300-q3r_E05015-000_Provision_label" xlink:role="http://www.xbrl.org/2003/role/documentation">業務損失引当金</link:label>
    <link:label xml:lang="ja" xlink:type="resource" xlink:label="jpcrp040300-q3r_E05015-000_ProvisionForWarrantiesForCompletedOperationCL_label" xlink:role="http://www.xbrl.org/2003/role/label">完成業務補償引当金</link:label>
    <link:label xml:lang="ja" xlink:type="resource" xlink:label="jpcrp040300-q3r_E05015-000_ProvisionForWarrantiesForCompletedOperationCL_label_1" xlink:role="http://www.xbrl.org/2003/role/verboseLabel">完成業務補償引当金、流動負債</link:label>
    <link:label xml:lang="ja" xlink:type="resource" xlink:label="jpcrp040300-q3r_E05015-000_RealEstateRentAndOtherReportableSegmentsMember_label" xlink:role="http://www.xbrl.org/2003/role/label">不動産賃貸等事業</link:label>
    <link:label xml:lang="ja" xlink:type="resource" xlink:label="jpcrp040300-q3r_E05015-000_RealEstateRentAndOtherReportableSegmentsMember_label_1" xlink:role="http://www.xbrl.org/2003/role/verboseLabel">不動産賃貸等事業、報告セグメント [メンバー]</link:label>
    <link:loc xlink:type="locator" xlink:href="jpcrp040300-q3r-001_E05015-000_2020-07-20_01_2020-09-02.xsd#jpcrp040300-q3r_E05015-000_ConstructionConsultantReportableSegmentsMember" xlink:label="jpcrp040300-q3r_E05015-000_ConstructionConsultantReportableSegmentsMember" />
    <link:loc xlink:type="locator" xlink:href="jpcrp040300-q3r-001_E05015-000_2020-07-20_01_2020-09-02.xsd#jpcrp040300-q3r_E05015-000_FiduciaryObligationExpensesNOE" xlink:label="jpcrp040300-q3r_E05015-000_FiduciaryObligationExpensesNOE" />
    <link:loc xlink:type="locator" xlink:href="jpcrp040300-q3r-001_E05015-000_2020-07-20_01_2020-09-02.xsd#jpcrp040300-q3r_E05015-000_NotesReceivableAndAccountsReceivableFromOperations" xlink:label="jpcrp040300-q3r_E05015-000_NotesReceivableAndAccountsReceivableFromOperations" />
    <link:loc xlink:type="locator" xlink:href="jpcrp040300-q3r-001_E05015-000_2020-07-20_01_2020-09-02.xsd#jpcrp040300-q3r_E05015-000_PropertyForLeaseNet" xlink:label="jpcrp040300-q3r_E05015-000_PropertyForLeaseNet" />
    <link:loc xlink:type="locator" xlink:href="jpcrp040300-q3r-001_E05015-000_2020-07-20_01_2020-09-02.xsd#jpcrp040300-q3r_E05015-000_Provision" xlink:label="jpcrp040300-q3r_E05015-000_Provision" />
    <link:loc xlink:type="locator" xlink:href="jpcrp040300-q3r-001_E05015-000_2020-07-20_01_2020-09-02.xsd#jpcrp040300-q3r_E05015-000_ProvisionForWarrantiesForCompletedOperationCL" xlink:label="jpcrp040300-q3r_E05015-000_ProvisionForWarrantiesForCompletedOperationCL" />
    <link:loc xlink:type="locator" xlink:href="jpcrp040300-q3r-001_E05015-000_2020-07-20_01_2020-09-02.xsd#jpcrp040300-q3r_E05015-000_RealEstateRentAndOtherReportableSegmentsMember" xlink:label="jpcrp040300-q3r_E05015-000_RealEstateRentAndOtherReportableSegmentsMember" />
    <link:labelArc xlink:type="arc" xlink:from="jpcrp040300-q3r_E05015-000_ConstructionConsultantReportableSegmentsMember" xlink:to="jpcrp040300-q3r_E05015-000_ConstructionConsultantReportableSegmentsMember_label_1" xlink:arcrole="http://www.xbrl.org/2003/arcrole/concept-label" order="1" />
    <link:labelArc xlink:type="arc" xlink:from="jpcrp040300-q3r_E05015-000_ConstructionConsultantReportableSegmentsMember" xlink:to="jpcrp040300-q3r_E05015-000_ConstructionConsultantReportableSegmentsMember_label" xlink:arcrole="http://www.xbrl.org/2003/arcrole/concept-label" order="1" />
    <link:labelArc xlink:type="arc" xlink:from="jpcrp040300-q3r_E05015-000_FiduciaryObligationExpensesNOE" xlink:to="jpcrp040300-q3r_E05015-000_FiduciaryObligationExpensesNOE_label_1" xlink:arcrole="http://www.xbrl.org/2003/arcrole/concept-label" order="1" />
    <link:labelArc xlink:type="arc" xlink:from="jpcrp040300-q3r_E05015-000_FiduciaryObligationExpensesNOE" xlink:to="jpcrp040300-q3r_E05015-000_FiduciaryObligationExpensesNOE_label" xlink:arcrole="http://www.xbrl.org/2003/arcrole/concept-label" order="1" />
    <link:labelArc xlink:type="arc" xlink:from="jpcrp040300-q3r_E05015-000_NotesReceivableAndAccountsReceivableFromOperations" xlink:to="jpcrp040300-q3r_E05015-000_NotesReceivableAndAccountsReceivableFromOperations_label_2" xlink:arcrole="http://www.xbrl.org/2003/arcrole/concept-label" order="1" />
    <link:labelArc xlink:type="arc" xlink:from="jpcrp040300-q3r_E05015-000_NotesReceivableAndAccountsReceivableFromOperations" xlink:to="jpcrp040300-q3r_E05015-000_NotesReceivableAndAccountsReceivableFromOperations_label_1" xlink:arcrole="http://www.xbrl.org/2003/arcrole/concept-label" order="1" />
    <link:labelArc xlink:type="arc" xlink:from="jpcrp040300-q3r_E05015-000_NotesReceivableAndAccountsReceivableFromOperations" xlink:to="jpcrp040300-q3r_E05015-000_NotesReceivableAndAccountsReceivableFromOperations_label" xlink:arcrole="http://www.xbrl.org/2003/arcrole/concept-label" order="1" />
    <link:labelArc xlink:type="arc" xlink:from="jpcrp040300-q3r_E05015-000_PropertyForLeaseNet" xlink:to="jpcrp040300-q3r_E05015-000_PropertyForLeaseNet_label_2" xlink:arcrole="http://www.xbrl.org/2003/arcrole/concept-label" order="1" />
    <link:labelArc xlink:type="arc" xlink:from="jpcrp040300-q3r_E05015-000_PropertyForLeaseNet" xlink:to="jpcrp040300-q3r_E05015-000_PropertyForLeaseNet_label_1" xlink:arcrole="http://www.xbrl.org/2003/arcrole/concept-label" order="1" />
    <link:labelArc xlink:type="arc" xlink:from="jpcrp040300-q3r_E05015-000_PropertyForLeaseNet" xlink:to="jpcrp040300-q3r_E05015-000_PropertyForLeaseNet_label" xlink:arcrole="http://www.xbrl.org/2003/arcrole/concept-label" order="1" />
    <link:labelArc xlink:type="arc" xlink:from="jpcrp040300-q3r_E05015-000_Provision" xlink:to="jpcrp040300-q3r_E05015-000_Provision_label_2" xlink:arcrole="http://www.xbrl.org/2003/arcrole/concept-label" order="1" />
    <link:labelArc xlink:type="arc" xlink:from="jpcrp040300-q3r_E05015-000_Provision" xlink:to="jpcrp040300-q3r_E05015-000_Provision_label_1" xlink:arcrole="http://www.xbrl.org/2003/arcrole/concept-label" order="1" />
    <link:labelArc xlink:type="arc" xlink:from="jpcrp040300-q3r_E05015-000_Provision" xlink:to="jpcrp040300-q3r_E05015-000_Provision_label" xlink:arcrole="http://www.xbrl.org/2003/arcrole/concept-label" order="1" />
    <link:labelArc xlink:type="arc" xlink:from="jpcrp040300-q3r_E05015-000_ProvisionForWarrantiesForCompletedOperationCL" xlink:to="jpcrp040300-q3r_E05015-000_ProvisionForWarrantiesForCompletedOperationCL_label_1" xlink:arcrole="http://www.xbrl.org/2003/arcrole/concept-label" order="1" />
    <link:labelArc xlink:type="arc" xlink:from="jpcrp040300-q3r_E05015-000_ProvisionForWarrantiesForCompletedOperationCL" xlink:to="jpcrp040300-q3r_E05015-000_ProvisionForWarrantiesForCompletedOperationCL_label" xlink:arcrole="http://www.xbrl.org/2003/arcrole/concept-label" order="1" />
    <link:labelArc xlink:type="arc" xlink:from="jpcrp040300-q3r_E05015-000_RealEstateRentAndOtherReportableSegmentsMember" xlink:to="jpcrp040300-q3r_E05015-000_RealEstateRentAndOtherReportableSegmentsMember_label_1" xlink:arcrole="http://www.xbrl.org/2003/arcrole/concept-label" order="1" />
    <link:labelArc xlink:type="arc" xlink:from="jpcrp040300-q3r_E05015-000_RealEstateRentAndOtherReportableSegmentsMember" xlink:to="jpcrp040300-q3r_E05015-000_RealEstateRentAndOtherReportableSegmentsMember_label" xlink:arcrole="http://www.xbrl.org/2003/arcrole/concept-label" order="1" />
  </link:labelLink>
</link:linkbase>