﻿<?xml version="1.0" encoding="utf-8"?>
<!-- Edited with FutureStage XBRL Solution Library .NET 01-11 -->
<link:linkbase xmlns:xlink="http://www.w3.org/1999/xlink" xmlns:xsi="http://www.w3.org/2001/XMLSchema-instance" xmlns:link="http://www.xbrl.org/2003/linkbase">
  <link:labelLink xlink:type="extended" xlink:role="http://www.xbrl.org/2003/role/link">
    <link:label xml:lang="en" xlink:type="resource" xlink:label="jpcrp040300-q3r_E05015-000_ConstructionConsultantReportableSegmentsMember_label" xlink:role="http://www.xbrl.org/2003/role/label">Construction consultant</link:label>
    <link:label xml:lang="en" xlink:type="resource" xlink:label="jpcrp040300-q3r_E05015-000_ConstructionConsultantReportableSegmentsMember_label_1" xlink:role="http://www.xbrl.org/2003/role/verboseLabel">Construction consultant, Reportable segments [member]</link:label>
    <link:label xml:lang="en" xlink:type="resource" xlink:label="jpcrp040300-q3r_E05015-000_FiduciaryObligationExpensesNOE_label" xlink:role="http://www.xbrl.org/2003/role/label">Fiduciary obligation expenses</link:label>
    <link:label xml:lang="en" xlink:type="resource" xlink:label="jpcrp040300-q3r_E05015-000_FiduciaryObligationExpensesNOE_label_1" xlink:role="http://www.xbrl.org/2003/role/verboseLabel">Fiduciary obligation expenses-NOE</link:label>
    <link:label xml:lang="en" xlink:type="resource" xlink:label="jpcrp040300-q3r_E05015-000_NotesReceivableAndAccountsReceivableFromOperations_label_1" xlink:role="http://www.xbrl.org/2003/role/label">Notes receivable and accounts receivable from operations</link:label>
    <link:label xml:lang="en" xlink:type="resource" xlink:label="jpcrp040300-q3r_E05015-000_NotesReceivableAndAccountsReceivableFromOperations_label_2" xlink:role="http://www.xbrl.org/2003/role/verboseLabel">Notes receivable and accounts receivable from operations</link:label>
    <link:label xml:lang="en" xlink:type="resource" xlink:label="jpcrp040300-q3r_E05015-000_NotesReceivableAndAccountsReceivableFromOperations_label" xlink:role="http://www.xbrl.org/2003/role/documentation">Notes receivable and accounts receivable from operations</link:label>
    <link:label xml:lang="en" xlink:type="resource" xlink:label="jpcrp040300-q3r_E05015-000_PropertyForLeaseNet_label_1" xlink:role="http://www.xbrl.org/2003/role/label">Property for lease, net</link:label>
    <link:label xml:lang="en" xlink:type="resource" xlink:label="jpcrp040300-q3r_E05015-000_PropertyForLeaseNet_label_2" xlink:role="http://www.xbrl.org/2003/role/verboseLabel">Property for lease, net</link:label>
    <link:label xml:lang="en" xlink:type="resource" xlink:label="jpcrp040300-q3r_E05015-000_PropertyForLeaseNet_label" xlink:role="http://www.xbrl.org/2003/role/documentation">Property for lease, net</link:label>
    <link:label xml:lang="en" xlink:type="resource" xlink:label="jpcrp040300-q3r_E05015-000_Provision_label_1" xlink:role="http://www.xbrl.org/2003/role/label">Provision</link:label>
    <link:label xml:lang="en" xlink:type="resource" xlink:label="jpcrp040300-q3r_E05015-000_Provision_label_2" xlink:role="http://www.xbrl.org/2003/role/verboseLabel">Provision</link:label>
    <link:label xml:lang="en" xlink:type="resource" xlink:label="jpcrp040300-q3r_E05015-000_Provision_label" xlink:role="http://www.xbrl.org/2003/role/documentation">Provision</link:label>
    <link:label xml:lang="en" xlink:type="resource" xlink:label="jpcrp040300-q3r_E05015-000_ProvisionForWarrantiesForCompletedOperationCL_label" xlink:role="http://www.xbrl.org/2003/role/label">Provision for warranties for completed operation</link:label>
    <link:label xml:lang="en" xlink:type="resource" xlink:label="jpcrp040300-q3r_E05015-000_ProvisionForWarrantiesForCompletedOperationCL_label_1" xlink:role="http://www.xbrl.org/2003/role/verboseLabel">Provision for warranties for completed operation-CL</link:label>
    <link:label xml:lang="en" xlink:type="resource" xlink:label="jpcrp040300-q3r_E05015-000_RealEstateRentAndOtherReportableSegmentsMember_label" xlink:role="http://www.xbrl.org/2003/role/label">Real estate rent and other</link:label>
    <link:label xml:lang="en" xlink:type="resource" xlink:label="jpcrp040300-q3r_E05015-000_RealEstateRentAndOtherReportableSegmentsMember_label_1" xlink:role="http://www.xbrl.org/2003/role/verboseLabel">Real estate rent and other, Reportable segments [member]</link:label>
    <link:loc xlink:type="locator" xlink:href="jpcrp040300-q3r-001_E05015-000_2020-07-20_01_2020-09-02.xsd#jpcrp040300-q3r_E05015-000_ConstructionConsultantReportableSegmentsMember" xlink:label="jpcrp040300-q3r_E05015-000_ConstructionConsultantReportableSegmentsMember" />
    <link:loc xlink:type="locator" xlink:href="jpcrp040300-q3r-001_E05015-000_2020-07-20_01_2020-09-02.xsd#jpcrp040300-q3r_E05015-000_FiduciaryObligationExpensesNOE" xlink:label="jpcrp040300-q3r_E05015-000_FiduciaryObligationExpensesNOE" />
    <link:loc xlink:type="locator" xlink:href="jpcrp040300-q3r-001_E05015-000_2020-07-20_01_2020-09-02.xsd#jpcrp040300-q3r_E05015-000_NotesReceivableAndAccountsReceivableFromOperations" xlink:label="jpcrp040300-q3r_E05015-000_NotesReceivableAndAccountsReceivableFromOperations" />
    <link:loc xlink:type="locator" xlink:href="jpcrp040300-q3r-001_E05015-000_2020-07-20_01_2020-09-02.xsd#jpcrp040300-q3r_E05015-000_PropertyForLeaseNet" xlink:label="jpcrp040300-q3r_E05015-000_PropertyForLeaseNet" />
    <link:loc xlink:type="locator" xlink:href="jpcrp040300-q3r-001_E05015-000_2020-07-20_01_2020-09-02.xsd#jpcrp040300-q3r_E05015-000_Provision" xlink:label="jpcrp040300-q3r_E05015-000_Provision" />
    <link:loc xlink:type="locator" xlink:href="jpcrp040300-q3r-001_E05015-000_2020-07-20_01_2020-09-02.xsd#jpcrp040300-q3r_E05015-000_ProvisionForWarrantiesForCompletedOperationCL" xlink:label="jpcrp040300-q3r_E05015-000_ProvisionForWarrantiesForCompletedOperationCL" />
    <link:loc xlink:type="locator" xlink:href="jpcrp040300-q3r-001_E05015-000_2020-07-20_01_2020-09-02.xsd#jpcrp040300-q3r_E05015-000_RealEstateRentAndOtherReportableSegmentsMember" xlink:label="jpcrp040300-q3r_E05015-000_RealEstateRentAndOtherReportableSegmentsMember" />
    <link:labelArc xlink:type="arc" xlink:from="jpcrp040300-q3r_E05015-000_ConstructionConsultantReportableSegmentsMember" xlink:to="jpcrp040300-q3r_E05015-000_ConstructionConsultantReportableSegmentsMember_label_1" xlink:arcrole="http://www.xbrl.org/2003/arcrole/concept-label" order="1" />
    <link:labelArc xlink:type="arc" xlink:from="jpcrp040300-q3r_E05015-000_ConstructionConsultantReportableSegmentsMember" xlink:to="jpcrp040300-q3r_E05015-000_ConstructionConsultantReportableSegmentsMember_label" xlink:arcrole="http://www.xbrl.org/2003/arcrole/concept-label" order="1" />
    <link:labelArc xlink:type="arc" xlink:from="jpcrp040300-q3r_E05015-000_FiduciaryObligationExpensesNOE" xlink:to="jpcrp040300-q3r_E05015-000_FiduciaryObligationExpensesNOE_label_1" xlink:arcrole="http://www.xbrl.org/2003/arcrole/concept-label" order="1" />
    <link:labelArc xlink:type="arc" xlink:from="jpcrp040300-q3r_E05015-000_FiduciaryObligationExpensesNOE" xlink:to="jpcrp040300-q3r_E05015-000_FiduciaryObligationExpensesNOE_label" xlink:arcrole="http://www.xbrl.org/2003/arcrole/concept-label" order="1" />
    <link:labelArc xlink:type="arc" xlink:from="jpcrp040300-q3r_E05015-000_NotesReceivableAndAccountsReceivableFromOperations" xlink:to="jpcrp040300-q3r_E05015-000_NotesReceivableAndAccountsReceivableFromOperations_label_2" xlink:arcrole="http://www.xbrl.org/2003/arcrole/concept-label" order="1" />
    <link:labelArc xlink:type="arc" xlink:from="jpcrp040300-q3r_E05015-000_NotesReceivableAndAccountsReceivableFromOperations" xlink:to="jpcrp040300-q3r_E05015-000_NotesReceivableAndAccountsReceivableFromOperations_label_1" xlink:arcrole="http://www.xbrl.org/2003/arcrole/concept-label" order="1" />
    <link:labelArc xlink:type="arc" xlink:from="jpcrp040300-q3r_E05015-000_NotesReceivableAndAccountsReceivableFromOperations" xlink:to="jpcrp040300-q3r_E05015-000_NotesReceivableAndAccountsReceivableFromOperations_label" xlink:arcrole="http://www.xbrl.org/2003/arcrole/concept-label" order="1" />
    <link:labelArc xlink:type="arc" xlink:from="jpcrp040300-q3r_E05015-000_PropertyForLeaseNet" xlink:to="jpcrp040300-q3r_E05015-000_PropertyForLeaseNet_label_2" xlink:arcrole="http://www.xbrl.org/2003/arcrole/concept-label" order="1" />
    <link:labelArc xlink:type="arc" xlink:from="jpcrp040300-q3r_E05015-000_PropertyForLeaseNet" xlink:to="jpcrp040300-q3r_E05015-000_PropertyForLeaseNet_label_1" xlink:arcrole="http://www.xbrl.org/2003/arcrole/concept-label" order="1" />
    <link:labelArc xlink:type="arc" xlink:from="jpcrp040300-q3r_E05015-000_PropertyForLeaseNet" xlink:to="jpcrp040300-q3r_E05015-000_PropertyForLeaseNet_label" xlink:arcrole="http://www.xbrl.org/2003/arcrole/concept-label" order="1" />
    <link:labelArc xlink:type="arc" xlink:from="jpcrp040300-q3r_E05015-000_Provision" xlink:to="jpcrp040300-q3r_E05015-000_Provision_label_2" xlink:arcrole="http://www.xbrl.org/2003/arcrole/concept-label" order="1" />
    <link:labelArc xlink:type="arc" xlink:from="jpcrp040300-q3r_E05015-000_Provision" xlink:to="jpcrp040300-q3r_E05015-000_Provision_label_1" xlink:arcrole="http://www.xbrl.org/2003/arcrole/concept-label" order="1" />
    <link:labelArc xlink:type="arc" xlink:from="jpcrp040300-q3r_E05015-000_Provision" xlink:to="jpcrp040300-q3r_E05015-000_Provision_label" xlink:arcrole="http://www.xbrl.org/2003/arcrole/concept-label" order="1" />
    <link:labelArc xlink:type="arc" xlink:from="jpcrp040300-q3r_E05015-000_ProvisionForWarrantiesForCompletedOperationCL" xlink:to="jpcrp040300-q3r_E05015-000_ProvisionForWarrantiesForCompletedOperationCL_label_1" xlink:arcrole="http://www.xbrl.org/2003/arcrole/concept-label" order="1" />
    <link:labelArc xlink:type="arc" xlink:from="jpcrp040300-q3r_E05015-000_ProvisionForWarrantiesForCompletedOperationCL" xlink:to="jpcrp040300-q3r_E05015-000_ProvisionForWarrantiesForCompletedOperationCL_label" xlink:arcrole="http://www.xbrl.org/2003/arcrole/concept-label" order="1" />
    <link:labelArc xlink:type="arc" xlink:from="jpcrp040300-q3r_E05015-000_RealEstateRentAndOtherReportableSegmentsMember" xlink:to="jpcrp040300-q3r_E05015-000_RealEstateRentAndOtherReportableSegmentsMember_label_1" xlink:arcrole="http://www.xbrl.org/2003/arcrole/concept-label" order="1" />
    <link:labelArc xlink:type="arc" xlink:from="jpcrp040300-q3r_E05015-000_RealEstateRentAndOtherReportableSegmentsMember" xlink:to="jpcrp040300-q3r_E05015-000_RealEstateRentAndOtherReportableSegmentsMember_label" xlink:arcrole="http://www.xbrl.org/2003/arcrole/concept-label" order="1" />
  </link:labelLink>
</link:linkbase>